mc	mn	onset	label	alt_label	globalkey	localkey	pedal	chord	numeral	form	figbass	changes	relativeroot	phraseend	chord_type	globalkey_is_minor	localkey_is_minor	chord_tones	added_tones	root	bass_note
1	1	0	.D.I(+b2)		D	I		I(+b2)	I			+b2			M	0	0	0, 4, 1	-5	0	0
1	1	5/8	i6(+#3)		D	I		i6(+#3)	i		6	+#3			m	0	0	-3, 1, 0	4	0	-3
2	2	0	I(+b2)		D	I		I(+b2)	I			+b2			M	0	0	0, 4, 1	-5	0	0
2	2	3/8	v(+#3)		D	I		v(+#3)	v			+#3			m	0	0	1, -2, 2	5	1	1
2	2	5/8	IV(+b2)	ii6(+#3)	D	I		IV(+b2)	IV			+b2			M	0	0	-1, 3, 0	-6	-1	-1
3	3	0	I(+b2)		D	I		I(+b2)	I			+b2			M	0	0	0, 4, 1	-5	0	0
3	3	5/8	i6(+#3)		D	I		i6(+#3)	i		6	+#3			m	0	0	-3, 1, 0	4	0	-3
4	4	0	I(+b2)		D	I		I(+b2)	I			+b2			M	0	0	0, 4, 1	-5	0	0
4	4	3/8	v(+#3)		D	I		v(+#3)	v			+#3			m	0	0	1, -2, 2	5	1	1
4	4	5/8	IV(+b2)	ii6(+#3)	D	I		IV(+b2)	IV			+b2			M	0	0	-1, 3, 0	-6	-1	-1
5	5	0	I(+b2)		D	I		I(+b2)	I			+b2			M	0	0	0, 4, 1	-5	0	0
6	6	0	V2(b5)		D	I		V2(b5)	V		2	b5			Mm7	0	0	-1, 1, 5, -5		1	-1
6	6	3/8	I(b5+b2)		D	I		I(b5+b2)	I			b5+b2			M	0	0	0, 4, -6	-5	0	0
7	7	0	I		D	I		I	I						M	0	0	0, 4, 1		0	0
8	8	0	V2(b5)		D	I		V2(b5)	V		2	b5			Mm7	0	0	-1, 1, 5, -5		1	-1
8	8	3/8	I(b5+b2)		D	I		I(b5+b2)	I			b5+b2			M	0	0	0, 4, -6	-5	0	0
9	9	0	I\\		D	I		I	I					\\	M	0	0	0, 4, 1		0	0
12	12	0	.bVI.ii7(9)		D	bVI		ii7(9)	ii		7	9			mm7	0	0	2, -1, 3, 0	4	2	2
14	14	0	vi7(9)		D	bVI		vi7(9)	vi		7	9			mm7	0	0	3, 0, 4, 1	5	3	3
16	16	0	ii7(9)		D	bVI		ii7(9)	ii		7	9			mm7	0	0	2, -1, 3, 0	4	2	2
17	17	0	V7(+64)		D	bVI		V7(+64)	V		7	+64			Mm7	0	0	1, 0, 2, -1	4	1	1
17	17	1/4	vi(+6)		D	bVI		vi(+6)	vi			+6			m	0	0	3, 0, 4	-1	3	3
17	17	5/8	V7(94)		D	bVI		V7(94)	V		7	94			Mm7	0	0	1, 0, 2, -1	3	1	1
18	18	0	I[IM7		D	bVI	I	IM7	I	M	7				MM7	0	0	0, 4, 1, 5		0	0
19	19	1/8	IVM7		D	bVI	I	IVM7	IV	M	7				MM7	0	0	-1, 3, 0, 4		-1	-1
20	20	0	IM7		D	bVI	I	IM7	I	M	7				MM7	0	0	0, 4, 1, 5		0	0
21	21	1/8	IVM7		D	bVI	I	IVM7	IV	M	7				MM7	0	0	-1, 3, 0, 4		-1	-1
22	22	0	I]		D	bVI	I	I	I						M	0	0	0, 4, 1		0	0
22	22	5/8	.biii64		D	bVI		biii64	biii		64				m	0	0	-2, -3, -6		-3	-2
23	23	0	I		D	bVI		I	I						M	0	0	0, 4, 1		0	0
23	23	3/8	V7(b5)		D	bVI		V7(b5)	V		7	b5			Mm7	0	0	1, 5, -5, -1		1	1
23	23	1/2	V2/IV		D	bVI		V2/IV	V		2		IV		Mm7	0	0	-2, 0, 4, 1		0	-2
23	23	5/8	V+2		D	bVI		V+2	V	+	2				+7	0	0	-1, 1, 5, 9		1	-1
24	24	0	I		D	bVI		I	I						M	0	0	0, 4, 1		0	0
24	24	5/8	.biii64		D	bVI		biii64	biii		64				m	0	0	-2, -3, -6		-3	-2
25	25	0	I		D	bVI		I	I						M	0	0	0, 4, 1		0	0
25	25	3/8	V7(b5)		D	bVI		V7(b5)	V		7	b5			Mm7	0	0	1, 5, -5, -1		1	1
25	25	1/2	V2/IV		D	bVI		V2/IV	V		2		IV		Mm7	0	0	-2, 0, 4, 1		0	-2
25	25	5/8	V+2		D	bVI		V+2	V	+	2				+7	0	0	-1, 1, 5, 9		1	-1
26	26	0	I\\		D	bVI		I	I					\\	M	0	0	0, 4, 1		0	0
26	26	3/8	I64		D	bVI		I64	I		64				M	0	0	1, 0, 4		0	1
27	27	0	I		D	bVI		I	I						M	0	0	0, 4, 1		0	0
27	27	3/8	I64		D	bVI		I64	I		64				M	0	0	1, 0, 4		0	1
28	28	0	I[I		D	bVI	I	I	I						M	0	0	0, 4, 1		0	0
30	30	0	I(+b6)		D	bVI	I	I(+b6)	I			+b6			M	0	0	0, 4, 1	-4	0	0
31	31	0	I		D	bVI	I	I	I						M	0	0	0, 4, 1		0	0
31	31	1/8	IM7		D	bVI	I	IM7	I	M	7				MM7	0	0	0, 4, 1, 5		0	0
31	31	1/4	#I64		D	bVI	I	#I64	#I		64				M	0	0	8, 7, 11		7	8
31	31	7/8	ii64		D	bVI	I	ii64	ii		64				m	0	0	3, 2, -1		2	3
32	32	0	I		D	bVI	I	I	I						M	0	0	0, 4, 1		0	0
32	32	1/8	IM7		D	bVI	I	IM7	I	M	7				MM7	0	0	0, 4, 1, 5		0	0
32	32	1/4	#I64		D	bVI	I	#I64	#I		64				M	0	0	8, 7, 11		7	8
32	32	7/8	ii64		D	bVI	I	ii64	ii		64				m	0	0	3, 2, -1		2	3
33	33	0	I(+b6)		D	bVI	I	I(+b6)	I			+b6			M	0	0	0, 4, 1	-4	0	0
33	33	3/8	I]		D	bVI	I	I	I						M	0	0	0, 4, 1		0	0
33	33	3/4	V7(9+6)		D	bVI		V7(9+6)	V		7	9+6			Mm7	0	0	1, 5, 2, -1	3, 4	1	1
34	34	0	I(+b6)		D	bVI		I(+b6)	I			+b6			M	0	0	0, 4, 1	-4	0	0
34	34	3/8	I		D	bVI		I	I						M	0	0	0, 4, 1		0	0
34	34	3/4	V7(9+6)		D	bVI		V7(9+6)	V		7	9+6			Mm7	0	0	1, 5, 2, -1	3, 4	1	1
35	35	0	I(+b6)		D	bVI		I(+b6)	I			+b6			M	0	0	0, 4, 1	-4	0	0
35	35	3/8	I		D	bVI		I	I						M	0	0	0, 4, 1		0	0
36	36	0	IM2(+b6)		D	bVI		IM2(+b6)	I	M	2	+b6			MM7	0	0	5, 0, 4, 1	-4	0	5
36	36	3/8	IM2		D	bVI		IM2	I	M	2				MM7	0	0	5, 0, 4, 1		0	5
36	36	3/4	.bI.V(6b2)		D	bI		V(6b2)	V			6b2			M	0	0	-4, 5, 4		1	-4
36	36	7/8	V7(9)		D	bI		V7(9)	V		7	9			Mm7	0	0	1, 5, 2, -1	3	1	1
36	36	1	ii(+2)		D	bI		ii(+2)	ii			+2			m	0	0	2, -1, 3	4	2	2
37	37	0	I[I		D	bI	I	I	I						M	0	0	0, 4, 1		0	0
37	37	1/4	IM7		D	bI	I	IM7	I	M	7				MM7	0	0	0, 4, 1, 5		0	0
37	37	3/8	#I64		D	bI	I	#I64	#I		64				M	0	0	8, 7, 11		7	8
37	37	7/8	ii64		D	bI	I	ii64	ii		64				m	0	0	3, 2, -1		2	3
38	38	0	I		D	bI	I	I	I						M	0	0	0, 4, 1		0	0
38	38	1/8	IM7		D	bI	I	IM7	I	M	7				MM7	0	0	0, 4, 1, 5		0	0
38	38	1/4	#I64		D	bI	I	#I64	#I		64				M	0	0	8, 7, 11		7	8
38	38	7/8	ii64		D	bI	I	ii64	ii		64				m	0	0	3, 2, -1		2	3
39	39	0	I(+b6)		D	bI	I	I(+b6)	I			+b6			M	0	0	0, 4, 1	-4	0	0
39	39	3/8	I]		D	bI	I	I	I						M	0	0	0, 4, 1		0	0
39	39	3/4	V		D	bI		V	V						M	0	0	1, 5, 2		1	1
39	39	1	V7(9+6)		D	bI		V7(9+6)	V		7	9+6			Mm7	0	0	1, 5, 2, -1	3, 4	1	1
40	40	0	I(+b6)		D	bI		I(+b6)	I			+b6			M	0	0	0, 4, 1	-4	0	0
40	40	3/8	I		D	bI		I	I						M	0	0	0, 4, 1		0	0
40	40	3/4	V		D	bI		V	V						M	0	0	1, 5, 2		1	1
40	40	1	V7(9+6)		D	bI		V7(9+6)	V		7	9+6			Mm7	0	0	1, 5, 2, -1	3, 4	1	1
41	41	0	I(+b6)		D	bI		I(+b6)	I			+b6			M	0	0	0, 4, 1	-4	0	0
41	41	3/8	I		D	bI		I	I						M	0	0	0, 4, 1		0	0
42	42	0	vii.V7(+6)/VI		D	vii		V7(+6)/VI	V		7	+6	VI		Mm7	0	1	-3, 1, -2, -5	0	-3	-3
42	42	3/8	V7/VI		D	vii		V7/VI	V		7		VI		Mm7	0	1	-3, 1, -2, -5		-3	-3
43	43	0	V		D	vii		V	V						M	0	1	1, 5, 2		1	1
44	44	0	i(9)		D	vii		i(9)	i			9			m	0	1	0, -3, 1	2	0	0
45	45	0	V		D	vii		V	V						M	0	1	1, 5, 2		1	1
46	46	0	i(9)		D	vii		i(9)	i			9			m	0	1	0, -3, 1	2	0	0
47	47	0	V\\		D	vii		V	V					\\	M	0	1	1, 5, 2		1	1
52	52	0	I.V7/iii		D	I		V7/iii	V		7		iii		Mm7	0	0	5, 9, 6, 3		5	5
52	52	1/4	iii[V7/iii]		D	I	iii	V7/iii	V		7		iii		Mm7	0	0	5, 9, 6, 3		5	5
52	52	1/2	#viio64/iii		D	I		#viio64/iii	#vii	o	64		iii		o	0	0	3, 9, 6		9	3
52	52	5/8	iii(+#4)		D	I		iii(+#4)	iii			+#4			m	0	0	4, 1, 5	10	4	4
53	53	0	#viio64/iii		D	I		#viio64/iii	#vii	o	64		iii		o	0	0	3, 9, 6		9	3
53	53	3/8	iii6(+#6)		D	I		iii6(+#6)	iii		6	+#6			m	0	0	1, 5, 4	7	4	1
53	53	1/2	#viio64/iii		D	I		#viio64/iii	#vii	o	64		iii		o	0	0	3, 9, 6		9	3
53	53	5/8	iii6(+#6)		D	I		iii6(+#6)	iii		6	+#6			m	0	0	1, 5, 4	7	4	1
54	54	0	V7/iii		D	I		V7/iii	V		7		iii		Mm7	0	0	5, 9, 6, 3		5	5
54	54	1/4	iii[V7/iii]		D	I	iii	V7/iii	V		7		iii		Mm7	0	0	5, 9, 6, 3		5	5
54	54	1/2	#viio64/iii		D	I		#viio64/iii	#vii	o	64		iii		o	0	0	3, 9, 6		9	3
54	54	5/8	iii(+#4)		D	I		iii(+#4)	iii			+#4			m	0	0	4, 1, 5	10	4	4
55	55	0	#viio64/iii		D	I		#viio64/iii	#vii	o	64		iii		o	0	0	3, 9, 6		9	3
55	55	3/8	iii6(+#6)		D	I		iii6(+#6)	iii		6	+#6			m	0	0	1, 5, 4	7	4	1
55	55	1/2	#viio64/iii		D	I		#viio64/iii	#vii	o	64		iii		o	0	0	3, 9, 6		9	3
55	55	5/8	iii6(+#6)		D	I		iii6(+#6)	iii		6	+#6			m	0	0	1, 5, 4	7	4	1
56	56	0	IVM7		D	I		IVM7	IV	M	7				MM7	0	0	-1, 3, 0, 4		-1	-1
56	56	1/4	ii(9)		D	I		ii(9)	ii			9			m	0	0	2, -1, 3	4	2	2
56	56	1/2	IVM7		D	I		IVM7	IV	M	7				MM7	0	0	-1, 3, 0, 4		-1	-1
56	56	5/8	viio/V		D	I		viio/V	vii	o			V		o	0	0	6, 3, 0		6	6
57	57	0	IVM7		D	I		IVM7	IV	M	7				MM7	0	0	-1, 3, 0, 4		-1	-1
57	57	3/8	V65/iii		D	I		V65/iii	V		65		iii		Mm7	0	0	9, 6, 3, 5		5	9
57	57	1/2	IVM7		D	I		IVM7	IV	M	7				MM7	0	0	-1, 3, 0, 4		-1	-1
57	57	5/8	V65/iii		D	I		V65/iii	V		65		iii		Mm7	0	0	9, 6, 3, 5		5	9
58	58	1/8	ii7(9)		D	I		ii7(9)	ii		7	9			mm7	0	0	2, -1, 3, 0	4	2	2
60	60	0	V7(4)		D	I		V7(4)	V		7	4			Mm7	0	0	1, 0, 2, -1		1	1
60	60	1/4	V7(94)		D	I		V7(94)	V		7	94			Mm7	0	0	1, 0, 2, -1	3	1	1
61	61	0	V7(4)		D	I		V7(4)	V		7	4			Mm7	0	0	1, 0, 2, -1		1	1
61	61	1/4	V7(94)		D	I		V7(94)	V		7	94			Mm7	0	0	1, 0, 2, -1	3	1	1
62	62	0	I\\		D	I		I	I					\\	M	0	0	0, 4, 1		0	0
62	62	1/8	I		D	I		I	I						M	0	0	0, 4, 1		0	0
62	62	3/8	I64		D	I		I64	I		64				M	0	0	1, 0, 4		0	1
62	62	5/8	.biii		D	I		biii	biii						m	0	0	-3, -6, -2		-3	-3
63	63	0	I		D	I		I	I						M	0	0	0, 4, 1		0	0
63	63	3/8	VM7(#5)		D	I		VM7(#5)	V	M	7	#5			MM7	0	0	1, 5, 9, 6		1	1
63	63	1/2	v65		D	I		v65	v		65				mm7	0	0	-2, 2, -1, 1		1	-2
63	63	5/8	#iv7(9)		D	I		#iv7(9)	#iv		7	9			mm7	0	0	6, 3, 7, 4	1	6	6
64	64	0	I		D	I		I	I						M	0	0	0, 4, 1		0	0
64	64	3/8	I64		D	I		I64	I		64				M	0	0	1, 0, 4		0	1
64	64	5/8	.biii		D	I		biii	biii						m	0	0	-3, -6, -2		-3	-3
65	65	0	I		D	I		I	I						M	0	0	0, 4, 1		0	0
65	65	3/8	VM7(#5)		D	I		VM7(#5)	V	M	7	#5			MM7	0	0	1, 5, 9, 6		1	1
65	65	1/2	v65		D	I		v65	v		65				mm7	0	0	-2, 2, -1, 1		1	-2
65	65	5/8	#iv7(9)		D	I		#iv7(9)	#iv		7	9			mm7	0	0	6, 3, 7, 4	1	6	6
66	66	0	I		D	I		I	I						M	0	0	0, 4, 1		0	0
66	66	3/8	I64		D	I		I64	I		64				M	0	0	1, 0, 4		0	1
67	67	0	I		D	I		I	I						M	0	0	0, 4, 1		0	0
67	67	3/8	I64		D	I		I64	I		64				M	0	0	1, 0, 4		0	1
68	68	0	I\\		D	I		I	I					\\	M	0	0	0, 4, 1		0	0
71	71	0	I		D	I		I	I						M	0	0	0, 4, 1		0	0
73	73	1/2	viio		D	I		viio	vii	o					o	0	0	5, 2, -1		5	5
74	74	5/8	vi		D	I		vi	vi						m	0	0	3, 0, 4		3	3
75	75	0	vi.i7(9)		D	vi		i7(9)	i		7	9			mm7	0	1	0, -3, 1, -2	2	0	0
75	75	1/2	i43(9)		D	vi		i43(9)	i		43	9			mm7	0	1	1, -2, 0, -3	2	0	1
76	76	0	i7(9)		D	vi		i7(9)	i		7	9			mm7	0	1	0, -3, 1, -2	2	0	0
76	76	5/8	i43(9)		D	vi		i43(9)	i		43	9			mm7	0	1	1, -2, 0, -3	2	0	1
77	77	0	i7(9)		D	vi		i7(9)	i		7	9			mm7	0	1	0, -3, 1, -2	2	0	0
77	77	1/2	i43(9)		D	vi		i43(9)	i		43	9			mm7	0	1	1, -2, 0, -3	2	0	1
78	78	0	i7(9)		D	vi		i7(9)	i		7	9			mm7	0	1	0, -3, 1, -2	2	0	0
78	78	5/8	i43(9)		D	vi		i43(9)	i		43	9			mm7	0	1	1, -2, 0, -3	2	0	1
79	79	0	i7\\		D	vi		i7	i		7			\\	mm7	0	1	0, -3, 1, -2		0	0
79	79	3/8	i		D	vi		i	i						m	0	1	0, -3, 1		0	0
81	81	1/2	VI		D	vi		VI	VI						M	0	1	-4, 0, -3		-4	-4
82	82	0	v.i7		D	v		i7	i		7				mm7	0	1	0, -3, 1, -2		0	0
82	82	1/2	i43		D	v		i43	i		43				mm7	0	1	1, -2, 0, -3		0	1
83	83	0	i7		D	v		i7	i		7				mm7	0	1	0, -3, 1, -2		0	0
83	83	5/8	i43		D	v		i43	i		43				mm7	0	1	1, -2, 0, -3		0	1
84	84	0	i7		D	v		i7	i		7				mm7	0	1	0, -3, 1, -2		0	0
84	84	1/2	i43		D	v		i43	i		43				mm7	0	1	1, -2, 0, -3		0	1
85	85	0	i7\\		D	v		i7	i		7			\\	mm7	0	1	0, -3, 1, -2		0	0
85	85	3/8	IV.I		D	IV		I	I						M	0	0	0, 4, 1		0	0
88	88	0	viio		D	IV		viio	vii	o					o	0	0	5, 2, -1		5	5
88	88	5/8	vi		D	IV		vi	vi						m	0	0	3, 0, 4		3	3
89	89	0	I(9+6)		D	IV		I(9+6)	I			9+6			M	0	0	0, 4, 1	2, 3	0	0
89	89	1/2	I64(9+6)		D	IV		I64(9+6)	I		64	9+6			M	0	0	1, 0, 4	2, 3	0	1
90	90	0	I(9+6)		D	IV		I(9+6)	I			9+6			M	0	0	0, 4, 1	2, 3	0	0
90	90	5/8	I64(9+6)		D	IV		I64(9+6)	I		64	9+6			M	0	0	1, 0, 4	2, 3	0	1
91	91	0	I(9+6)\\		D	IV		I(9+6)	I			9+6		\\	M	0	0	0, 4, 1	2, 3	0	0
91	91	3/8	vi		D	IV		vi	vi						m	0	0	3, 0, 4		3	3
92	92	0	I		D	IV		I	I						M	0	0	0, 4, 1		0	0
94	94	1/2	iii.v		D	iii		v	v						m	0	1	1, -2, 2		1	1
96	96	0	VI		D	iii		VI	VI						M	0	1	-4, 0, -3		-4	-4
96	96	5/8	V		D	iii		V	V						M	0	1	1, 5, 2		1	1
97	97	0	i7(9+#3)		D	iii		i7(9+#3)	i		7	9+#3			mm7	0	1	0, -3, 1, -2	2, 4	0	0
97	97	1/2	i43(9+#3)		D	iii		i43(9+#3)	i		43	9+#3			mm7	0	1	1, -2, 0, -3	2, 4	0	1
98	98	0	i7(9+#3)		D	iii		i7(9+#3)	i		7	9+#3			mm7	0	1	0, -3, 1, -2	2, 4	0	0
98	98	5/8	i43(9+#3)		D	iii		i43(9+#3)	i		43	9+#3			mm7	0	1	1, -2, 0, -3	2, 4	0	1
99	99	0	i7(9+#3)		D	iii		i7(9+#3)	i		7	9+#3			mm7	0	1	0, -3, 1, -2	2, 4	0	0
99	99	1/2	i43(9+#3)		D	iii		i43(9+#3)	i		43	9+#3			mm7	0	1	1, -2, 0, -3	2, 4	0	1
100	100	0	i7(+#3)		D	iii		i7(+#3)	i		7	+#3			mm7	0	1	0, -3, 1, -2	4	0	0
100	100	5/8	i43(+#3)		D	iii		i43(+#3)	i		43	+#3			mm7	0	1	1, -2, 0, -3	4	0	1
101	101	0	i7(+#3)		D	iii		i7(+#3)	i		7	+#3			mm7	0	1	0, -3, 1, -2	4	0	0
101	101	1/2	i43(+#3)		D	iii		i43(+#3)	i		43	+#3			mm7	0	1	1, -2, 0, -3	4	0	1
102	102	0	i7(+#3)		D	iii		i7(+#3)	i		7	+#3			mm7	0	1	0, -3, 1, -2	4	0	0
102	102	5/8	i43(+#3)		D	iii		i43(+#3)	i		43	+#3			mm7	0	1	1, -2, 0, -3	4	0	1
103	103	0	i\\		D	iii		i	i					\\	m	0	1	0, -3, 1		0	0
103	103	1/4	i64		D	iii		i64	i		64				m	0	1	1, 0, -3		0	1
105	105	0	iM2(b9)		D	iii		iM2(b9)	i	M	2	b9			mM7	0	1	5, 0, -3, 1	-5	0	5
107	107	0	V(b5)		D	iii		V(b5)	V			b5			M	0	1	1, 5, -5		1	1
110	110	1/2	#viio64(b3)		D	iii		#viio64(b3)	#vii	o	64	b3			o	0	1	-1, 5, -5		5	-1
111	111	3/8	iM7(b94)		D	iii		iM7(b94)	i	M	7	b94			mM7	0	1	0, -1, 1, 5	-5	0	0
115	115	0	V(b5)		D	iii		V(b5)	V			b5			M	0	1	1, 5, -5		1	1
115	115	3/8	V6(b5+b3)		D	iii		V6(b5+b3)	V		6	b5+b3			M	0	1	5, -5, 1	-2	1	5
117	117	1/4	V(b5)		D	iii		V(b5)	V			b5			M	0	1	1, 5, -5		1	1
117	117	1/2	#viio64(b3)		D	iii		#viio64(b3)	#vii	o	64	b3			o	0	1	-1, 5, -5		5	-1
118	118	1/2	IM65(b9)		D	iii		IM65(b9)	I	M	65	b9			MM7	0	1	4, 1, 5, 0	-5	0	4
119	119	1/4	i(9)		D	iii		i(9)	i			9			m	0	1	0, -3, 1	2	0	0
124	124	1/2	i\\		D	iii		i	i					\\	m	0	1	0, -3, 1		0	0
126	126	0	i[#viio7(b3)		D	iii	i	#viio7(b3)	#vii	o	7	b3			o7	0	1	5, -5, -1, -4		5	5
126	126	1/2	v2(b5)		D	iii	i	v2(b5)	v		2	b5			mm7	0	1	-1, 1, -2, -5		1	-1
126	126	7/8	i7(b9)		D	iii	i	i7(b9)	i		7	b9			mm7	0	1	0, -3, 1, -2	-5	0	0
127	127	0	viio7(b3)/V		D	iii	i	viio7(b3)/V	vii	o	7	b3	V		o7	0	1	6, -4, 0, -3		6	6
127	127	1/2	V7(9)/IV		D	iii	i	V7(9)/IV	V		7	9	IV		Mm7	0	1	0, 4, 1, -2	2	0	0
127	127	7/8	V2/III		D	iii	i	V2/III	V		2		III		Mm7	0	1	-4, -2, 2, -1		-2	-4
128	128	0	i7(b9)		D	iii	i	i7(b9)	i		7	b9			mm7	0	1	0, -3, 1, -2	-5	0	0
128	128	1/2	V7(9)/IV		D	iii	i	V7(9)/IV	V		7	9	IV		Mm7	0	1	0, 4, 1, -2	2	0	0
128	128	7/8	V43/vii		D	iii	i	V43/vii	V		43		vii		Mm7	0	1	0, -3, -1, 3		-1	0
129	129	0	viio7(b3)/V		D	iii	i	viio7(b3)/V	vii	o	7	b3	V		o7	0	1	6, -4, 0, -3		6	6
129	129	5/8	V7(9)/IV		D	iii	i	V7(9)/IV	V		7	9	IV		Mm7	0	1	0, 4, 1, -2	2	0	0
130	130	0	i\\		D	iii	i	i	i					\\	m	0	1	0, -3, 1		0	0
133	133	0	iM2(b9)]		D	iii	i	iM2(b9)	i	M	2	b9			mM7	0	1	5, 0, -3, 1	-5	0	5
137	137	0	V(b5)		D	iii		V(b5)	V			b5			M	0	1	1, 5, -5		1	1
140	140	1/2	#viio64(b3)		D	iii		#viio64(b3)	#vii	o	64	b3			o	0	1	-1, 5, -5		5	-1
141	141	3/8	iM7(b94)		D	iii		iM7(b94)	i	M	7	b94			mM7	0	1	0, -1, 1, 5	-5	0	0
145	145	0	V(b5)		D	iii		V(b5)	V			b5			M	0	1	1, 5, -5		1	1
145	145	3/8	V6(b5+b3)		D	iii		V6(b5+b3)	V		6	b5+b3			M	0	1	5, -5, 1	-2	1	5
147	147	1/4	V(b5)		D	iii		V(b5)	V			b5			M	0	1	1, 5, -5		1	1
147	147	1/2	#viio64(b3)		D	iii		#viio64(b3)	#vii	o	64	b3			o	0	1	-1, 5, -5		5	-1
148	148	0	I.V7(9)		D	I		V7(9)	V		7	9			Mm7	0	0	1, 5, 2, -1	3	1	1
150	150	1/4	I6(+6)		D	I		I6(+6)	I		6	+6			M	0	0	4, 1, 0	3	0	4
151	151	0	I64(+6)		D	I		I64(+6)	I		64	+6			M	0	0	1, 0, 4	3	0	1
154	154	3/8	I(+6)		D	I		I(+6)	I			+6			M	0	0	0, 4, 1	3	0	0
155	155	1/2	V[V		D	I	V	V	V						M	0	0	1, 5, 2		1	1
157	157	0	I64(+6)		D	I	V	I64(+6)	I		64	+6			M	0	0	1, 0, 4	3	0	1
157	157	1/2	V7(#8#44)		D	I	V	V7(#8#44)	V		7	#8#44			Mm7	0	0	1, 0, 7, -1		1	1
157	157	7/8	V7(9)		D	I	V	V7(9)	V		7	9			Mm7	0	0	1, 5, 2, -1	3	1	1
158	158	0	I6(+6)		D	I	V	I6(+6)	I		6	+6			M	0	0	4, 1, 0	3	0	4
158	158	1/2	V(9#6#4#2)		D	I	V	V(9#6#4#2)	V			9#6#4#2			M	0	0	1, 10, 7	3, 11	1	1
158	158	7/8	VM7(#5)		D	I	V	VM7(#5)	V	M	7	#5			MM7	0	0	1, 5, 9, 6		1	1
159	159	0	I(+6)		D	I	V	I(+6)	I			+6			M	0	0	0, 4, 1	3	0	0
159	159	1/2	V7(#86#4)		D	I	V	V7(#86#4)	V		7	#86#4			Mm7	0	0	1, 5, 7, -1		1	1
159	159	7/8	V7(9)		D	I	V	V7(9)	V		7	9			Mm7	0	0	1, 5, 2, -1	3	1	1
160	160	0	I(+6)		D	I	V	I(+6)	I			+6			M	0	0	0, 4, 1	3	0	0
160	160	1/2	V7(#86#4)		D	I	V	V7(#86#4)	V		7	#86#4			Mm7	0	0	1, 5, 7, -1		1	1
160	160	7/8	V7(9)		D	I	V	V7(9)	V		7	9			Mm7	0	0	1, 5, 2, -1	3	1	1
161	161	0	V		D	I	V	V	V						M	0	0	1, 5, 2		1	1
162	162	0	V(#86)	III	D	I	V	V(#86)	V			#86			M	0	0	1, 5, 4		1	1
163	163	0	V7(9)		D	I	V	V7(9)	V		7	9			Mm7	0	0	1, 5, 2, -1	3	1	1
163	163	3/4	V(#86)	III	D	I	V	V(#86)	V			#86			M	0	0	1, 5, 4		1	1
164	164	0	V]\\		D	I	V	V	V					\\	M	0	0	1, 5, 2		1	1
166	166	0	.bII.I(+b6)		D	bII		I(+b6)	I			+b6			M	0	0	0, 4, 1	-4	0	0
166	166	3/8	I		D	bII		I	I						M	0	0	0, 4, 1		0	0
166	166	3/4	vM7(b9b6+4)		D	bII		vM7(b9b6+4)	v	M	7	b9b6+4			mM7	0	0	1, -2, -3, 6	-4, 0	1	1
167	167	0	I(+b6)		D	bII		I(+b6)	I			+b6			M	0	0	0, 4, 1	-4	0	0
167	167	3/8	I		D	bII		I	I						M	0	0	0, 4, 1		0	0
167	167	3/4	vM7(b96+4)		D	bII		vM7(b96+4)	v	M	7	b96+4			mM7	0	0	1, -2, 4, 6	-4, 0	1	1
168	168	0	I(+b6)		D	bII		I(+b6)	I			+b6			M	0	0	0, 4, 1	-4	0	0
168	168	3/8	I		D	bII		I	I						M	0	0	0, 4, 1		0	0
169	169	0	I(+b6)		D	bII		I(+b6)	I			+b6			M	0	0	0, 4, 1	-4	0	0
169	169	3/8	I		D	bII		I	I						M	0	0	0, 4, 1		0	0
170	170	0	III.I(+b6)		D	III		I(+b6)	I			+b6			M	0	0	0, 4, 1	-4	0	0
170	170	3/8	I		D	III		I	I						M	0	0	0, 4, 1		0	0
170	170	3/4	vM7(b96+4)		D	III		vM7(b96+4)	v	M	7	b96+4			mM7	0	0	1, -2, 4, 6	-4, 0	1	1
171	171	0	I(+b6)		D	III		I(+b6)	I			+b6			M	0	0	0, 4, 1	-4	0	0
171	171	3/8	I		D	III		I	I						M	0	0	0, 4, 1		0	0
171	171	3/4	vM7(b96+4)		D	III		vM7(b96+4)	v	M	7	b96+4			mM7	0	0	1, -2, 4, 6	-4, 0	1	1
172	172	0	I(+b6)		D	III		I(+b6)	I			+b6			M	0	0	0, 4, 1	-4	0	0
172	172	3/8	I		D	III		I	I						M	0	0	0, 4, 1		0	0
173	173	0	V.I(+b6)		D	V		I(+b6)	I			+b6			M	0	0	0, 4, 1	-4	0	0
173	173	3/8	I		D	V		I	I						M	0	0	0, 4, 1		0	0
174	174	0	VII.I		D	VII		I	I						M	0	0	0, 4, 1		0	0
175	175	0	.bvii%7		D	VII		bvii%7	bvii	%	7				%7	0	0	-2, -3, 4, -4		-2	-2
176	176	0	I		D	VII		I	I						M	0	0	0, 4, 1		0	0
177	177	0	.bvi7		D	VII		bvi7	bvi		7				mm7	0	0	-4, -7, -3, -6		-4	-4
178	178	0	I		D	VII		I	I						M	0	0	0, 4, 1		0	0
179	179	0	.bV7		D	VII		bV7	bV		7				Mm7	0	0	-6, -2, -5, -8		-6	-6
181	181	0	I\\		D	VII		I	I					\\	M	0	0	0, 4, 1		0	0
185	185	0	I.V7/iii		D	I		V7/iii	V		7		iii		Mm7	0	0	5, 9, 6, 3		5	5
185	185	1/4	iii[V7/iii]		D	I	iii	V7/iii	V		7		iii		Mm7	0	0	5, 9, 6, 3		5	5
185	185	1/2	V2/iii		D	I		V2/iii	V		2		iii		Mm7	0	0	3, 5, 9, 6		5	3
185	185	5/8	iii(+#4)		D	I		iii(+#4)	iii			+#4			m	0	0	4, 1, 5	10	4	4
186	186	0	V2/iii		D	I		V2/iii	V		2		iii		Mm7	0	0	3, 5, 9, 6		5	3
186	186	3/8	iii6(+#6)		D	I		iii6(+#6)	iii		6	+#6			m	0	0	1, 5, 4	7	4	1
186	186	1/2	V2/iii		D	I		V2/iii	V		2		iii		Mm7	0	0	3, 5, 9, 6		5	3
186	186	5/8	iii6(+#6)		D	I		iii6(+#6)	iii		6	+#6			m	0	0	1, 5, 4	7	4	1
187	187	0	V7/iii		D	I		V7/iii	V		7		iii		Mm7	0	0	5, 9, 6, 3		5	5
187	187	1/4	iii[V7/iii]		D	I	iii	V7/iii	V		7		iii		Mm7	0	0	5, 9, 6, 3		5	5
187	187	1/2	V2/iii		D	I		V2/iii	V		2		iii		Mm7	0	0	3, 5, 9, 6		5	3
187	187	5/8	iii(+#4)		D	I		iii(+#4)	iii			+#4			m	0	0	4, 1, 5	10	4	4
188	188	0	V2/iii		D	I		V2/iii	V		2		iii		Mm7	0	0	3, 5, 9, 6		5	3
188	188	3/8	iii6(+#6)		D	I		iii6(+#6)	iii		6	+#6			m	0	0	1, 5, 4	7	4	1
188	188	1/2	V2/iii		D	I		V2/iii	V		2		iii		Mm7	0	0	3, 5, 9, 6		5	3
188	188	5/8	iii6(+#6)		D	I		iii6(+#6)	iii		6	+#6			m	0	0	1, 5, 4	7	4	1
189	189	0	IVM7		D	I		IVM7	IV	M	7				MM7	0	0	-1, 3, 0, 4		-1	-1
189	189	1/4	ii(9)		D	I		ii(9)	ii			9			m	0	0	2, -1, 3	4	2	2
189	189	1/2	IVM7		D	I		IVM7	IV	M	7				MM7	0	0	-1, 3, 0, 4		-1	-1
189	189	5/8	vii%7/V		D	I		vii%7/V	vii	%	7		V		%7	0	0	6, 5, 12, 4		6	6
190	190	0	IVM7		D	I		IVM7	IV	M	7				MM7	0	0	-1, 3, 0, 4		-1	-1
190	190	3/8	V65(b5)/iii		D	I		V65(b5)/iii	V		65	b5	iii		Mm7	0	0	9, -1, 3, 5		5	9
190	190	1/2	IVM7		D	I		IVM7	IV	M	7				MM7	0	0	-1, 3, 0, 4		-1	-1
190	190	5/8	V65(b5)/iii		D	I		V65(b5)/iii	V		65	b5	iii		Mm7	0	0	9, -1, 3, 5		5	9
191	191	1/8	ii7(9)		D	I		ii7(9)	ii		7	9			mm7	0	0	2, -1, 3, 0	4	2	2
195	195	0	ii7		D	I		ii7	ii		7				mm7	0	0	2, -1, 3, 0		2	2
195	195	1/8	ii65(4)		D	I		ii65(4)	ii		65	4			mm7	0	0	1, 3, 0, 2		2	1
195	195	1/4	ii65		D	I		ii65	ii		65				mm7	0	0	-1, 3, 0, 2		2	-1
195	195	3/8	ii(2)		D	I		ii(2)	ii			2			m	0	0	4, -1, 3		2	4
195	195	1/2	ii		D	I		ii	ii						m	0	0	2, -1, 3		2	2
195	195	5/8	ii7\\		D	I		ii7	ii		7			\\	mm7	0	0	2, -1, 3, 0		2	2
196	196	0	I(b6)		D	I		I(b6)	I			b6			M	0	0	0, 4, -4		0	0
196	196	3/8	I64(b6)		D	I		I64(b6)	I		64	b6			M	0	0	-4, 0, 4		0	-4
197	197	0	I(b6)		D	I		I(b6)	I			b6			M	0	0	0, 4, -4		0	0
197	197	3/8	i64		D	I		i64	i		64				m	0	0	1, 0, -3		0	1
197	197	1/2	vM7		D	I		vM7	v	M	7				mM7	0	0	1, -2, 2, 6		1	1
197	197	5/8	.bII		D	I		bII	bII						M	0	0	-5, -1, -4		-5	-5
198	198	0	I(b6)		D	I		I(b6)	I			b6			M	0	0	0, 4, -4		0	0
198	198	3/8	I64(b6)		D	I		I64(b6)	I		64	b6			M	0	0	-4, 0, 4		0	-4
199	199	0	I(b6)		D	I		I(b6)	I			b6			M	0	0	0, 4, -4		0	0
199	199	3/8	i64		D	I		i64	i		64				m	0	0	1, 0, -3		0	1
199	199	1/2	vM7		D	I		vM7	v	M	7				mM7	0	0	1, -2, 2, 6		1	1
199	199	5/8	.bII		D	I		bII	bII						M	0	0	-5, -1, -4		-5	-5
200	200	0	V[v7		D	I	V	v7	v		7				mm7	0	0	1, -2, 2, -1		1	1
201	201	0	v7(9)		D	I	V	v7(9)	v		7	9			mm7	0	0	1, -2, 2, -1	3	1	1
202	202	0	V43/bV		D	I	V	V43/bV	V		43		bV		Mm7	0	0	-4, -7, -5, -1		-5	-4
203	203	3/8	V7/bV		D	I	V	V7/bV	V		7		bV		Mm7	0	0	-5, -1, -4, -7		-5	-5
204	204	1/2	V43/bV		D	I	V	V43/bV	V		43		bV		Mm7	0	0	-4, -7, -5, -1		-5	-4
205	205	3/8	V65/bV		D	I	V	V65/bV	V		65		bV		Mm7	0	0	-1, -4, -7, -5		-5	-1
206	206	0	V2/ii		D	I	V	V2/ii	V		2		ii		Mm7	0	0	1, 3, 7, 4		3	1
206	206	5/8	V65/IV		D	I	V	V65/IV	V		65		IV		Mm7	0	0	4, 1, -2, 0		0	4
207	207	0	V2/ii		D	I	V	V2/ii	V		2		ii		Mm7	0	0	1, 3, 7, 4		3	1
207	207	3/8	V7(6)		D	I	V	V7(6)	V		7	6			Mm7	0	0	1, 5, 4, -1		1	1
207	207	5/8	v7(9)		D	I	V	v7(9)	v		7	9			mm7	0	0	1, -2, 2, -1	3	1	1
208	208	0	V2/ii		D	I	V	V2/ii	V		2		ii		Mm7	0	0	1, 3, 7, 4		3	1
208	208	3/8	V7(6)		D	I	V	V7(6)	V		7	6			Mm7	0	0	1, 5, 4, -1		1	1
208	208	5/8	v7(9)]		D	I	V	v7(9)	v		7	9			mm7	0	0	1, -2, 2, -1	3	1	1
209	209	0	.bvii.V7(94)/bII		D	bvii		V7(94)/bII	V		7	94	bII		Mm7	0	1	-4, -5, -3, -6	-2	-4	-4
210	210	0	V7(b96)/#VII		D	bvii		V7(b96)/#VII	V		7	b96	#VII		Mm7	0	1	6, 10, 9, 4	1	6	6
211	211	0	V7(9)/#VI		D	bvii		V7(9)/#VI	V		7	9	#VI		Mm7	0	1	4, 8, 5, 2	6	4	4
212	212	0	V7(b96)/V		D	bvii		V7(b96)/V	V		7	b96	V		Mm7	0	1	2, 6, 5, 0	-3	2	2
213	213	0	iM7(+b6)		D	bvii		iM7(+b6)	i	M	7	+b6			mM7	0	1	0, -3, 1, 5	-11	0	0
213	213	3/8	iM7		D	bvii		iM7	i	M	7				mM7	0	1	0, -3, 1, 5		0	0
213	213	3/4	V7(b9)		D	bvii		V7(b9)	V		7	b9			Mm7	0	1	1, 5, 2, -1	-11	1	1
214	214	0	iM7(+b6)		D	bvii		iM7(+b6)	i	M	7	+b6			mM7	0	1	0, -3, 1, 5	-11	0	0
214	214	3/8	iM7		D	bvii		iM7	i	M	7				mM7	0	1	0, -3, 1, 5		0	0
214	214	3/4	V7(b9)		D	bvii		V7(b9)	V		7	b9			Mm7	0	1	1, 5, 2, -1	-11	1	1
215	215	0	iM7(+b6)		D	bvii		iM7(+b6)	i	M	7	+b6			mM7	0	1	0, -3, 1, 5	-11	0	0
215	215	3/8	iM43		D	bvii		iM43	i	M	43				mM7	0	1	1, 5, 0, -3		0	1
215	215	3/4	V7(b9)		D	bvii		V7(b9)	V		7	b9			Mm7	0	1	1, 5, 2, -1	-11	1	1
218	218	0	I.vii%43(#3)		D	I		vii%43(#3)	vii	%	43	#3			%7	0	0	11, 3, 5, 11		5	11
219	219	0	I		D	I		I	I						M	0	0	0, 4, 1		0	0
219	219	5/8	I6(b6)		D	I		I6(b6)	I		6	b6			M	0	0	4, -4, 0		0	4
220	220	0	I		D	I		I	I						M	0	0	0, 4, 1		0	0
220	220	1/4	I6		D	I		I6	I		6				M	0	0	4, 1, 0		0	4
220	220	3/8	VM7(#5)		D	I		VM7(#5)	V	M	7	#5			MM7	0	0	1, 5, 9, 6		1	1
220	220	1/2	.bVII		D	I		bVII	bVII						M	0	0	-2, 2, -1		-2	-2
220	220	5/8	viio64(b3)		D	I		viio64(b3)	vii	o	64	b3			o	0	0	-1, 5, -5		5	-1
221	221	0	I		D	I		I	I						M	0	0	0, 4, 1		0	0
221	221	1/4	I6		D	I		I6	I		6				M	0	0	4, 1, 0		0	4
221	221	3/8	VM7(#5)		D	I		VM7(#5)	V	M	7	#5			MM7	0	0	1, 5, 9, 6		1	1
221	221	1/2	.bVII		D	I		bVII	bVII						M	0	0	-2, 2, -1		-2	-2
221	221	5/8	viio64(b3)		D	I		viio64(b3)	vii	o	64	b3			o	0	0	-1, 5, -5		5	-1
222	222	0	I		D	I		I	I						M	0	0	0, 4, 1		0	0
222	222	1/8	VM7(#5)		D	I		VM7(#5)	V	M	7	#5			MM7	0	0	1, 5, 9, 6		1	1
222	222	1/4	.bVII		D	I		bVII	bVII						M	0	0	-2, 2, -1		-2	-2
222	222	3/8	viio64(b3)		D	I		viio64(b3)	vii	o	64	b3			o	0	0	-1, 5, -5		5	-1
222	222	1/2	I		D	I		I	I						M	0	0	0, 4, 1		0	0
222	222	5/8	VM7(#5)		D	I		VM7(#5)	V	M	7	#5			MM7	0	0	1, 5, 9, 6		1	1
223	223	0	.bVII		D	I		bVII	bVII						M	0	0	-2, 2, -1		-2	-2
223	223	1/8	viio64(b3)		D	I		viio64(b3)	vii	o	64	b3			o	0	0	-1, 5, -5		5	-1
223	223	1/4	I		D	I		I	I						M	0	0	0, 4, 1		0	0
223	223	3/8	VM7(#5)		D	I		VM7(#5)	V	M	7	#5			MM7	0	0	1, 5, 9, 6		1	1
223	223	1/2	.bVII		D	I		bVII	bVII						M	0	0	-2, 2, -1		-2	-2
223	223	5/8	viio64(b3)		D	I		viio64(b3)	vii	o	64	b3			o	0	0	-1, 5, -5		5	-1
224	224	0	I\\		D	I		I	I					\\	M	0	0	0, 4, 1		0	0
224	224	1/4	iii		D	I		iii	iii						m	0	0	4, 1, 5		4	4
225	225	0	III6(b9)\\		D	I		III6(b9)	III		6	b9		\\	M	0	0	8, 5, 4	-8	4	8
228	228	1/8	.bVI		D	I		bVI	bVI						M	0	0	-4, 0, -3		-4	-4
228	228	5/16	I\\		D	I		I	I					\\	M	0	0	0, 4, 1		0	0
