mc	mn	mc_onset	mn_onset	timesig	staff	voice	label	offset_x	offset_y	offset	alt_label	globalkey	localkey	pedal	chord	numeral	form	figbass	changes	relativeroot	cadence	phraseend	chord_type	globalkey_is_minor	localkey_is_minor	chord_tones	added_tones	root	bass_note	n_colored	n_untouched	count_ratio	dur_colored	dur_untouched	dur_ratio
1	1	0	0	6/8	3	1	D.I(+b2)					D	I		I(+b2)	I			+b2				M	0	0	2, 6, 3	-3	2	2	0	9	0.0	0.0	1.125	0.0
1	1	5/8	5/8	6/8	3	1	i6(+#3)	-2	-6	/		D	I		i6(+#3)	i		6	+#3				m	0	0	-1, 3, 2	6	2	-1	0	4	0.0	0.0	0.5	0.0
2	2	0	0	6/8	3	1	I(+b2)					D	I		I(+b2)	I			+b2				M	0	0	2, 6, 3	-3	2	2	0	5	0.0	0.0	0.625	0.0
2	2	3/8	3/8	6/8	3	1	v(+#3)					D	I		v(+#3)	v			+#3				m	0	0	3, 0, 4	7	3	3	1	4	0.2	0.125	0.5	0.2
2	2	5/8	5/8	6/8	3	1	IV(+b2)	-2	-9	/	ii6(+#3)	D	I		IV(+b2)	IV			+b2				M	0	0	1, 5, 2	-4	1	1	1	3	0.25	0.125	0.375	0.25
3	3	0	0	6/8	3	1	I(+b2)					D	I		I(+b2)	I			+b2				M	0	0	2, 6, 3	-3	2	2	0	9	0.0	0.0	1.125	0.0
3	3	5/8	5/8	6/8	3	1	i6(+#3)	-2	-6	/		D	I		i6(+#3)	i		6	+#3				m	0	0	-1, 3, 2	6	2	-1	0	4	0.0	0.0	0.5	0.0
4	4	0	0	6/8	3	1	I(+b2)					D	I		I(+b2)	I			+b2				M	0	0	2, 6, 3	-3	2	2	0	5	0.0	0.0	0.625	0.0
4	4	3/8	3/8	6/8	3	1	v(+#3)					D	I		v(+#3)	v			+#3				m	0	0	3, 0, 4	7	3	3	1	4	0.2	0.125	0.5	0.2
4	4	5/8	5/8	6/8	3	1	IV(+b2)	-2	-9	/	ii6(+#3)	D	I		IV(+b2)	IV			+b2				M	0	0	1, 5, 2	-4	1	1	1	3	0.25	0.125	0.375	0.25
5	5	0	0	6/8	3	1	I(+b2)					D	I		I(+b2)	I			+b2				M	0	0	2, 6, 3	-3	2	2	0	12	0.0	0.0	1.5	0.0
6	6	0	0	6/8	3	1	V2(b5)					D	I		V2(b5)	V		2	b5				Mm7	0	0	1, 3, 7, -3		3	1	1	8	0.1111111111111111	0.125	0.4166666666666667	0.23076923076923073
6	6	3/8	3/8	6/8	3	1	I(b5+b2)					D	I		I(b5+b2)	I			b5+b2				M	0	0	2, 6, -4	-3	2	2	1	5	0.16666666666666666	0.125	0.625	0.16666666666666666
7	7	0	0	6/8	3	1	I					D	I		I	I							M	0	0	2, 6, 3		2	2	0	13	0.0	0.0	1.625	0.0
8	8	0	0	6/8	3	1	V2(b5)					D	I		V2(b5)	V		2	b5				Mm7	0	0	1, 3, 7, -3		3	1	1	8	0.1111111111111111	0.125	0.4166666666666667	0.23076923076923073
8	8	3/8	3/8	6/8	3	1	I(b5+b2)					D	I		I(b5+b2)	I			b5+b2				M	0	0	2, 6, -4	-3	2	2	1	5	0.16666666666666666	0.125	0.625	0.16666666666666666
9	9	0	0	6/8	3	1	I\\					D	I		I	I						\\	M	0	0	2, 6, 3		2	2	2	40	0.047619047619047616	0.08333333333333333	4.666666666666667	0.017543859649122806
12	12	0	0	6/8	3	1	bVI.ii7(9)	0	-10	/		D	bVI		ii7(9)	ii		7	9				mm7	0	0	0, -3, 1, -2	2	0	0	4	38	0.09523809523809523	0.5	4.25	0.10526315789473684
14	14	0	0	6/8	3	1	vi7(9)	0	-9	/		D	bVI		vi7(9)	vi		7	9				mm7	0	0	1, -2, 2, -1	3	1	1	0	36	0.0	0.0	6.125	0.0
16	16	0	0	6/8	3	1	ii7(9)					D	bVI		ii7(9)	ii		7	9				mm7	0	0	0, -3, 1, -2	2	0	0	2	18	0.1	0.25	2.0	0.1111111111111111
17	17	0	0	6/8	3	1	V7(+64)					D	bVI		V7(+64)	V		7	+64				Mm7	0	0	-1, -2, 0, -3	2	-1	-1	0	8	0.0	0.0	0.75	0.0
17	17	1/4	1/4	6/8	3	1	vi(+6)					D	bVI		vi(+6)	vi			+6				m	0	0	1, -2, 2	-3	1	1	2	5	0.2857142857142857	0.25	0.625	0.2857142857142857
17	17	5/8	5/8	6/8	3	1	V7(94)	-2	-6	/		D	bVI		V7(94)	V		7	94				Mm7	0	0	-1, -2, 0, -3	1	-1	-1	0	5	0.0	0.0	0.625	0.0
18	18	0	0	6/8	3	1	I[IM7					D	bVI	I	IM7	I	M	7					MM7	0	0	-2, 2, -1, 3		-2	-2	0	18	0.0	0.0	3.5	0.0
19	19	1/8	1/8	6/8	3	1	IVM7					D	bVI	I	IVM7	IV	M	7					MM7	0	0	-3, 1, -2, 2		-3	-3	0	10	0.0	0.0	1.625	0.0
20	20	0	0	6/8	3	1	IM7					D	bVI	I	IM7	I	M	7					MM7	0	0	-2, 2, -1, 3		-2	-2	0	18	0.0	0.0	3.5	0.0
21	21	1/8	1/8	6/8	3	1	IVM7					D	bVI	I	IVM7	IV	M	7					MM7	0	0	-3, 1, -2, 2		-3	-3	0	10	0.0	0.0	1.625	0.0
22	22	0	0	6/8	3	1	I]					D	bVI	I	I	I							M	0	0	-2, 2, -1		-2	-2	0	9	0.0	0.0	1.125	0.0
22	22	5/8	5/8	6/8	3	1	biii64					D	bVI		biii64	biii		64					m	0	0	-4, -5, -8		-5	-4	1	3	0.25	0.125	0.375	0.25
23	23	0	0	6/8	3	1	I					D	bVI		I	I							M	0	0	-2, 2, -1		-2	-2	0	5	0.0	0.0	0.625	0.0
23	23	3/8	3/8	6/8	3	1	V7(b5)					D	bVI		V7(b5)	V		7	b5				Mm7	0	0	-1, 3, -7, -3		-1	-1	0	3	0.0	0.0	0.375	0.0
23	23	1/2	1/2	6/8	3	1	V2/IV					D	bVI		V2/IV	V		2		IV			Mm7	0	0	-4, -2, 2, -1		-2	-4	0	3	0.0	0.0	0.375	0.0
23	23	5/8	5/8	6/8	3	1	V+2					D	bVI		V+2	V	+	2					+7	0	0	-3, -1, 3, 7		-1	-3	0	3	0.0	0.0	0.375	0.0
24	24	0	0	6/8	3	1	I					D	bVI		I	I							M	0	0	-2, 2, -1		-2	-2	0	9	0.0	0.0	1.125	0.0
24	24	5/8	5/8	6/8	3	1	biii64	-2	-6	/		D	bVI		biii64	biii		64					m	0	0	-4, -5, -8		-5	-4	1	3	0.25	0.125	0.375	0.25
25	25	0	0	6/8	3	1	I					D	bVI		I	I							M	0	0	-2, 2, -1		-2	-2	0	5	0.0	0.0	0.625	0.0
25	25	3/8	3/8	6/8	3	1	V7(b5)					D	bVI		V7(b5)	V		7	b5				Mm7	0	0	-1, 3, -7, -3		-1	-1	0	3	0.0	0.0	0.375	0.0
25	25	1/2	1/2	6/8	3	1	V2/IV					D	bVI		V2/IV	V		2		IV			Mm7	0	0	-4, -2, 2, -1		-2	-4	0	3	0.0	0.0	0.375	0.0
25	25	5/8	5/8	6/8	3	1	V+2					D	bVI		V+2	V	+	2					+7	0	0	-3, -1, 3, 7		-1	-3	0	3	0.0	0.0	0.375	0.0
26	26	0	0	6/8	3	1	I\\					D	bVI		I	I						\\	M	0	0	-2, 2, -1		-2	-2	0	5	0.0	0.0	0.625	0.0
26	26	3/8	3/8	6/8	3	1	I64					D	bVI		I64	I		64					M	0	0	-1, -2, 2		-2	-1	0	6	0.0	0.0	0.75	0.0
27	27	0	0	6/8	3	1	I					D	bVI		I	I							M	0	0	-2, 2, -1		-2	-2	0	5	0.0	0.0	0.625	0.0
27	27	3/8	3/8	6/8	3	1	I64					D	bVI		I64	I		64					M	0	0	-1, -2, 2		-2	-1	0	6	0.0	0.0	0.75	0.0
28	28	0	0	6/8	3	1	I[I					D	bVI	I	I	I							M	0	0	-2, 2, -1		-2	-2	0	12	0.0	0.0	1.5	0.0
30	30	0	0	3/8	3	1	I(+b6)					D	bVI	I	I(+b6)	I			+b6				M	0	0	-2, 2, -1	-6	-2	-2	0	12	0.0	0.0	0.625	0.0
31	31	0	0	9/8	3	1	I					D	bVI	I	I	I							M	0	0	-2, 2, -1		-2	-2	0	4	0.0	0.0	0.5	0.0
31	31	1/8	1/8	9/8	3	1	IM7					D	bVI	I	IM7	I	M	7					MM7	0	0	-2, 2, -1, 3		-2	-2	0	7	0.0	0.0	0.5416666666666666	0.0
31	31	1/4	1/4	9/8	3	1	#I64					D	bVI	I	#I64	#I		64					M	0	0	6, 5, 9		5	6	8	13	0.38095238095238093	1.25	2.375	0.3448275862068966
31	31	7/8	7/8	9/8	3	1	ii64					D	bVI	I	ii64	ii		64					m	0	0	1, 0, -3		0	1	1	7	0.125	0.125	1.375	0.08333333333333333
32	32	0	0	9/8	3	1	I					D	bVI	I	I	I							M	0	0	-2, 2, -1		-2	-2	0	6	0.0	0.0	0.75	0.0
32	32	1/8	1/8	9/8	3	1	IM7					D	bVI	I	IM7	I	M	7					MM7	0	0	-2, 2, -1, 3		-2	-2	0	5	0.0	0.0	0.2916666666666667	0.0
32	32	1/4	1/4	9/8	3	1	#I64					D	bVI	I	#I64	#I		64					M	0	0	6, 5, 9		5	6	8	15	0.34782608695652173	1.25	2.625	0.3225806451612903
32	32	7/8	7/8	9/8	3	1	ii64					D	bVI	I	ii64	ii		64					m	0	0	1, 0, -3		0	1	1	7	0.125	0.125	1.375	0.08333333333333333
33	33	0	0	9/8	3	1	I(+b6)					D	bVI	I	I(+b6)	I			+b6				M	0	0	-2, 2, -1	-6	-2	-2	0	9	0.0	0.0	0.5416666666666666	0.0
33	33	3/8	3/8	9/8	3	1	I]					D	bVI	I	I	I							M	0	0	-2, 2, -1		-2	-2	0	9	0.0	0.0	1.125	0.0
33	33	3/4	3/4	9/8	3	1	V7(9+6)					D	bVI		V7(9+6)	V		7	9+6				Mm7	0	0	-1, 3, 0, -3	1, 2	-1	-1	2	8	0.2	0.25	1.0	0.2
34	34	0	0	9/8	3	1	I(+b6)					D	bVI		I(+b6)	I			+b6				M	0	0	-2, 2, -1	-6	-2	-2	0	9	0.0	0.0	0.5416666666666666	0.0
34	34	3/8	3/8	9/8	3	1	I					D	bVI		I	I							M	0	0	-2, 2, -1		-2	-2	0	9	0.0	0.0	1.125	0.0
34	34	3/4	3/4	9/8	3	1	V7(9+6)					D	bVI		V7(9+6)	V		7	9+6				Mm7	0	0	-1, 3, 0, -3	1, 2	-1	-1	2	8	0.2	0.25	1.0	0.2
35	35	0	0	6/8	3	1	I(+b6)					D	bVI		I(+b6)	I			+b6				M	0	0	-2, 2, -1	-6	-2	-2	0	9	0.0	0.0	0.5416666666666666	0.0
35	35	3/8	3/8	6/8	3	1	I					D	bVI		I	I							M	0	0	-2, 2, -1		-2	-2	0	12	0.0	0.0	0.9166666666666666	0.0
36	36	0	0	9/8	3	1	IM2(+b6)					D	bVI		IM2(+b6)	I	M	2	+b6				MM7	0	0	3, -2, 2, -1	-6	-2	3	0	9	0.0	0.0	0.5416666666666666	0.0
36	36	3/8	3/8	9/8	3	1	IM2					D	bVI		IM2	I	M	2					MM7	0	0	3, -2, 2, -1		-2	3	0	12	0.0	0.0	0.9166666666666666	0.0
36	36	3/4	3/4	9/8	3	1	bI.V(6b2)					D	bI		V(6b2)	V			6b2				M	0	0	-9, 0, -1		-4	-9	2	3	0.4	0.125	0.1875	0.4
36	36	7/8	7/8	9/8	3	1	V7(9)					D	bI		V7(9)	V		7	9				Mm7	0	0	-4, 0, -3, -6	-2	-4	-4	1	4	0.2	0.0625	0.25	0.2
36	36	1	1	9/8	3	1	ii(+2)					D	bI		ii(+2)	ii			+2				m	0	0	-3, -6, -2	-1	-3	-3	1	4	0.2	0.0625	0.25	0.2
37	37	0	0	9/8	3	1	I[I					D	bI	I	I	I							M	0	0	-5, -1, -4		-5	-5	0	8	0.0	0.0	1.0	0.0
37	37	1/4	1/4	9/8	3	1	IM7					D	bI	I	IM7	I	M	7					MM7	0	0	-5, -1, -4, 0		-5	-5	1	4	0.2	0.125	0.16666666666666666	0.4285714285714286
37	37	3/8	3/8	9/8	3	1	#I64					D	bI	I	#I64	#I		64					M	0	0	3, 2, 6		2	3	2	14	0.125	0.25	2.75	0.08333333333333333
37	37	7/8	7/8	9/8	3	1	ii64					D	bI	I	ii64	ii		64					m	0	0	-2, -3, -6		-3	-2	1	7	0.125	0.125	1.375	0.08333333333333333
38	38	0	0	9/8	3	1	I					D	bI	I	I	I							M	0	0	-5, -1, -4		-5	-5	0	6	0.0	0.0	0.75	0.0
38	38	1/8	1/8	9/8	3	1	IM7					D	bI	I	IM7	I	M	7					MM7	0	0	-5, -1, -4, 0		-5	-5	0	5	0.0	0.0	0.2916666666666667	0.0
38	38	1/4	1/4	9/8	3	1	#I64					D	bI	I	#I64	#I		64					M	0	0	3, 2, 6		2	3	2	21	0.08695652173913043	0.25	3.625	0.06451612903225806
38	38	7/8	7/8	9/8	3	1	ii64					D	bI	I	ii64	ii		64					m	0	0	-2, -3, -6		-3	-2	1	7	0.125	0.125	1.375	0.08333333333333333
39	39	0	0	9/8	3	1	I(+b6)					D	bI	I	I(+b6)	I			+b6				M	0	0	-5, -1, -4	-9	-5	-5	0	9	0.0	0.0	0.5416666666666666	0.0
39	39	3/8	3/8	9/8	3	1	I]					D	bI	I	I	I							M	0	0	-5, -1, -4		-5	-5	1	8	0.1111111111111111	0.125	1.0	0.1111111111111111
39	39	3/4	3/4	9/8	3	1	V					D	bI		V	V							M	0	0	-4, 0, -3		-4	-4	4	1	0.8	0.5	0.125	0.8
39	39	1	1	9/8	3	1	V7(9+6)	-4	-6	/		D	bI		V7(9+6)	V		7	9+6				Mm7	0	0	-4, 0, -3, -6	-2, -1	-4	-4	0	5	0.0	0.0	0.625	0.0
40	40	0	0	9/8	3	1	I(+b6)					D	bI		I(+b6)	I			+b6				M	0	0	-5, -1, -4	-9	-5	-5	0	9	0.0	0.0	0.5416666666666666	0.0
40	40	3/8	3/8	9/8	3	1	I					D	bI		I	I							M	0	0	-5, -1, -4		-5	-5	1	8	0.1111111111111111	0.125	1.0	0.1111111111111111
40	40	3/4	3/4	9/8	3	1	V					D	bI		V	V							M	0	0	-4, 0, -3		-4	-4	4	1	0.8	0.5	0.125	0.8
40	40	1	1	9/8	3	1	V7(9+6)	-2	-6	/		D	bI		V7(9+6)	V		7	9+6				Mm7	0	0	-4, 0, -3, -6	-2, -1	-4	-4	0	5	0.0	0.0	0.625	0.0
41	41	0	0	6/8	3	1	I(+b6)					D	bI		I(+b6)	I			+b6				M	0	0	-5, -1, -4	-9	-5	-5	0	10	0.0	0.0	0.6666666666666666	0.0
41	41	3/8	3/8	6/8	3	1	I					D	bI		I	I							M	0	0	-5, -1, -4		-5	-5	2	9	0.18181818181818182	0.25	0.5416666666666666	0.31578947368421056
42	42	0	0	6/8	3	1	vii.V7(+6)/VI					D	vii		V7(+6)/VI	V		7	+6	VI			Mm7	0	1	4, 8, 5, 2	7	4	4	0	10	0.0	0.0	0.6666666666666666	0.0
42	42	3/8	3/8	6/8	3	1	V7/VI					D	vii		V7/VI	V		7		VI			Mm7	0	1	4, 8, 5, 2		4	4	2	9	0.18181818181818182	0.25	0.5416666666666666	0.31578947368421056
43	43	0	0	6/8	3	1	V					D	vii		V	V							M	0	1	8, 12, 9		8	8	0	19	0.0	0.0	1.375	0.0
44	44	0	0	6/8	3	1	i(9)					D	vii		i(9)	i			9				m	0	1	7, 4, 8	9	7	7	12	19	0.3870967741935484	0.3230769230769231	1.1057692307692308	0.22611036339165547
45	45	0	0	6/8	3	1	V					D	vii		V	V							M	0	1	8, 12, 9		8	8	0	19	0.0	0.0	1.375	0.0
46	46	0	0	6/8	3	1	i(9)					D	vii		i(9)	i			9				m	0	1	7, 4, 8	9	7	7	12	19	0.3870967741935484	0.3230769230769231	1.1057692307692308	0.22611036339165547
47	47	0	0	6/8	3	1	V\\					D	vii		V	V						\\	M	0	1	8, 12, 9		8	8	0	82	0.0	0.0	5.0	0.0
52	52	0	0	6/8	3	1	I.V7/iii					D	I		V7/iii	V		7		iii			Mm7	0	0	7, 11, 8, 5		7	7	0	10	0.0	0.0	0.75	0.0
52	52	1/4	1/4	6/8	3	1	iii[V7/iii]					D	I	iii	V7/iii	V		7		iii			Mm7	0	0	7, 11, 8, 5		7	7	1	9	0.1	0.125	0.7083333333333334	0.15
52	52	1/2	1/2	6/8	3	1	#viio64/iii					D	I		#viio64/iii	#vii	o	64		iii			o	0	0	5, 11, 8		11	5	0	6	0.0	0.0	0.5	0.0
52	52	5/8	5/8	6/8	3	1	iii(+#4)					D	I		iii(+#4)	iii			+#4				m	0	0	6, 3, 7	12	6	6	0	6	0.0	0.0	0.5	0.0
53	53	0	0	6/8	3	1	#viio64/iii					D	I		#viio64/iii	#vii	o	64		iii			o	0	0	5, 11, 8		11	5	0	14	0.0	0.0	1.125	0.0
53	53	3/8	3/8	6/8	3	1	iii6(+#6)					D	I		iii6(+#6)	iii		6	+#6				m	0	0	3, 7, 6	9	6	3	0	5	0.0	0.0	0.5	0.0
53	53	1/2	1/2	6/8	3	1	#viio64/iii					D	I		#viio64/iii	#vii	o	64		iii			o	0	0	5, 11, 8		11	5	0	5	0.0	0.0	0.5	0.0
53	53	5/8	5/8	6/8	3	1	iii6(+#6)					D	I		iii6(+#6)	iii		6	+#6				m	0	0	3, 7, 6	9	6	3	0	5	0.0	0.0	0.5	0.0
54	54	0	0	6/8	3	1	V7/iii					D	I		V7/iii	V		7		iii			Mm7	0	0	7, 11, 8, 5		7	7	0	10	0.0	0.0	0.75	0.0
54	54	1/4	1/4	6/8	3	1	iii[V7/iii]					D	I	iii	V7/iii	V		7		iii			Mm7	0	0	7, 11, 8, 5		7	7	1	9	0.1	0.125	0.7083333333333334	0.15
54	54	1/2	1/2	6/8	3	1	#viio64/iii					D	I		#viio64/iii	#vii	o	64		iii			o	0	0	5, 11, 8		11	5	0	6	0.0	0.0	0.5	0.0
54	54	5/8	5/8	6/8	3	1	iii(+#4)					D	I		iii(+#4)	iii			+#4				m	0	0	6, 3, 7	12	6	6	0	6	0.0	0.0	0.5	0.0
55	55	0	0	6/8	3	1	#viio64/iii					D	I		#viio64/iii	#vii	o	64		iii			o	0	0	5, 11, 8		11	5	0	14	0.0	0.0	1.125	0.0
55	55	3/8	3/8	6/8	3	1	iii6(+#6)					D	I		iii6(+#6)	iii		6	+#6				m	0	0	3, 7, 6	9	6	3	0	5	0.0	0.0	0.5	0.0
55	55	1/2	1/2	6/8	3	1	#viio64/iii					D	I		#viio64/iii	#vii	o	64		iii			o	0	0	5, 11, 8		11	5	0	5	0.0	0.0	0.5	0.0
55	55	5/8	5/8	6/8	3	1	iii6(+#6)					D	I		iii6(+#6)	iii		6	+#6				m	0	0	3, 7, 6	9	6	3	0	5	0.0	0.0	0.5	0.0
56	56	0	0	6/8	3	1	IVM7					D	I		IVM7	IV	M	7					MM7	0	0	1, 5, 2, 6		1	1	0	10	0.0	0.0	0.75	0.0
56	56	1/4	1/4	6/8	3	1	ii(9)					D	I		ii(9)	ii			9				m	0	0	4, 1, 5	6	4	4	0	10	0.0	0.0	0.8333333333333334	0.0
56	56	1/2	1/2	6/8	3	1	IVM7					D	I		IVM7	IV	M	7					MM7	0	0	1, 5, 2, 6		1	1	0	6	0.0	0.0	0.5	0.0
56	56	5/8	5/8	6/8	3	1	viio/V					D	I		viio/V	vii	o			V			o	0	0	8, 5, 2		8	8	0	6	0.0	0.0	0.5	0.0
57	57	0	0	6/8	3	1	IVM7					D	I		IVM7	IV	M	7					MM7	0	0	1, 5, 2, 6		1	1	0	14	0.0	0.0	1.125	0.0
57	57	3/8	3/8	6/8	3	1	V65/iii					D	I		V65/iii	V		65		iii			Mm7	0	0	11, 8, 5, 7		7	11	0	5	0.0	0.0	0.5	0.0
57	57	1/2	1/2	6/8	3	1	IVM7					D	I		IVM7	IV	M	7					MM7	0	0	1, 5, 2, 6		1	1	0	5	0.0	0.0	0.5	0.0
57	57	5/8	5/8	6/8	3	1	V65/iii					D	I		V65/iii	V		65		iii			Mm7	0	0	11, 8, 5, 7		7	11	5	5	0.5	0.4583333333333333	0.4166666666666667	0.5238095238095238
58	58	1/8	1/8	6/8	3	1	ii7(9)					D	I		ii7(9)	ii		7	9				mm7	0	0	4, 1, 5, 2	6	4	4	8	33	0.1951219512195122	0.6666666666666666	4.208333333333333	0.13675213675213674
60	60	0	0	6/8	3	1	V7(4)					D	I		V7(4)	V		7	4				Mm7	0	0	3, 2, 4, 1		3	3	2	6	0.25	0.08333333333333333	0.9166666666666666	0.08333333333333333
60	60	1/4	1/4	6/8	3	1	V7(94)					D	I		V7(94)	V		7	94				Mm7	0	0	3, 2, 4, 1	5	3	3	3	10	0.23076923076923078	0.375	1.25	0.23076923076923078
61	61	0	0	6/8	3	1	V7(4)					D	I		V7(4)	V		7	4				Mm7	0	0	3, 2, 4, 1		3	3	2	6	0.25	0.08333333333333333	0.6666666666666666	0.1111111111111111
61	61	1/4	1/4	6/8	3	1	V7(94)					D	I		V7(94)	V		7	94				Mm7	0	0	3, 2, 4, 1	5	3	3	3	7	0.3	0.375	0.875	0.3
62	62	0	0	6/8	3	1	I\\					D	I		I	I						\\	M	0	0	2, 6, 3		2	2	0	5	0.0	0.0	0.625	0.0
62	62	1/8	1/8	6/8	3	1	I					D	I		I	I							M	0	0	2, 6, 3		2	2	0	3	0.0	0.0	0.375	0.0
62	62	3/8	3/8	6/8	3	1	I64					D	I		I64	I		64					M	0	0	3, 2, 6		2	3	0	4	0.0	0.0	0.5	0.0
62	62	5/8	5/8	6/8	3	1	biii					D	I		biii	biii							m	0	0	-1, -4, 0		-1	-1	1	2	0.3333333333333333	0.125	0.25	0.3333333333333333
63	63	0	0	6/8	3	1	I					D	I		I	I							M	0	0	2, 6, 3		2	2	0	4	0.0	0.0	0.5	0.0
63	63	3/8	3/8	6/8	3	1	VM7(#5)					D	I		VM7(#5)	V	M	7	#5				MM7	0	0	3, 7, 11, 8		3	3	0	4	0.0	0.0	0.5	0.0
63	63	1/2	1/2	6/8	3	1	v65					D	I		v65	v		65					mm7	0	0	0, 4, 1, 3		3	0	0	4	0.0	0.0	0.5	0.0
63	63	5/8	5/8	6/8	3	1	#iv7(9)	0	-9	/		D	I		#iv7(9)	#iv		7	9				mm7	0	0	8, 5, 9, 6	3	8	8	0	4	0.0	0.0	0.5	0.0
64	64	0	0	6/8	3	1	I					D	I		I	I							M	0	0	2, 6, 3		2	2	0	5	0.0	0.0	0.625	0.0
64	64	3/8	3/8	6/8	3	1	I64					D	I		I64	I		64					M	0	0	3, 2, 6		2	3	0	4	0.0	0.0	0.5	0.0
64	64	5/8	5/8	6/8	3	1	biii					D	I		biii	biii							m	0	0	-1, -4, 0		-1	-1	1	2	0.3333333333333333	0.125	0.25	0.3333333333333333
65	65	0	0	6/8	3	1	I					D	I		I	I							M	0	0	2, 6, 3		2	2	0	4	0.0	0.0	0.5	0.0
65	65	3/8	3/8	6/8	3	1	VM7(#5)					D	I		VM7(#5)	V	M	7	#5				MM7	0	0	3, 7, 11, 8		3	3	0	4	0.0	0.0	0.5	0.0
65	65	1/2	1/2	6/8	3	1	v65					D	I		v65	v		65					mm7	0	0	0, 4, 1, 3		3	0	0	4	0.0	0.0	0.5	0.0
65	65	5/8	5/8	6/8	3	1	#iv7(9)	0	-9	/		D	I		#iv7(9)	#iv		7	9				mm7	0	0	8, 5, 9, 6	3	8	8	0	4	0.0	0.0	0.5	0.0
66	66	0	0	6/8	3	1	I					D	I		I	I							M	0	0	2, 6, 3		2	2	0	5	0.0	0.0	0.625	0.0
66	66	3/8	3/8	6/8	3	1	I64					D	I		I64	I		64					M	0	0	3, 2, 6		2	3	0	6	0.0	0.0	0.75	0.0
67	67	0	0	6/8	3	1	I					D	I		I	I							M	0	0	2, 6, 3		2	2	0	5	0.0	0.0	0.625	0.0
67	67	3/8	3/8	6/8	3	1	I64					D	I		I64	I		64					M	0	0	3, 2, 6		2	3	0	6	0.0	0.0	0.75	0.0
68	68	0	0	6/8	3	1	I\\					D	I		I	I						\\	M	0	0	2, 6, 3		2	2	2	34	0.05555555555555555	0.08333333333333333	5.041666666666667	0.016260162601626015
71	71	0	0	3/4	3	1	I					D	I		I	I							M	0	0	2, 6, 3		2	2	2	12	0.14285714285714285	0.1875	2.0625	0.08333333333333333
73	73	1/2	1/2	3/4	3	1	viio					D	I		viio	vii	o						o	0	0	7, 4, 1		7	7	1	5	0.16666666666666666	0.041666666666666664	0.9583333333333334	0.041666666666666664
74	74	5/8	5/8	3/4	3	1	vi					D	I		vi	vi							m	0	0	5, 2, 6		5	5	0	1	0.0	0.0	0.25	0.0
75	75	0	0	3/4	3	1	vi.i7(9)	0	-8	/		D	vi		i7(9)	i		7	9				mm7	0	1	5, 2, 6, 3	7	5	5	0	10	0.0	0.0	2.5	0.0
75	75	1/2	1/2	3/4	3	1	i43(9)	0	-8	/		D	vi		i43(9)	i		43	9				mm7	0	1	6, 3, 5, 2	7	5	6	0	10	0.0	0.0	2.5	0.0
76	76	0	0	3/4	3	1	i7(9)					D	vi		i7(9)	i		7	9				mm7	0	1	5, 2, 6, 3	7	5	5	0	18	0.0	0.0	3.5	0.0
76	76	5/8	5/8	3/4	3	1	i43(9)	0	-8	/		D	vi		i43(9)	i		43	9				mm7	0	1	6, 3, 5, 2	7	5	6	0	10	0.0	0.0	1.25	0.0
77	77	0	0	3/4	3	1	i7(9)					D	vi		i7(9)	i		7	9				mm7	0	1	5, 2, 6, 3	7	5	5	0	10	0.0	0.0	2.5	0.0
77	77	1/2	1/2	3/4	3	1	i43(9)	0	-8	/		D	vi		i43(9)	i		43	9				mm7	0	1	6, 3, 5, 2	7	5	6	0	10	0.0	0.0	2.5	0.0
78	78	0	0	3/4	3	1	i7(9)					D	vi		i7(9)	i		7	9				mm7	0	1	5, 2, 6, 3	7	5	5	0	18	0.0	0.0	3.5	0.0
78	78	5/8	5/8	3/4	3	1	i43(9)	0	-9	/		D	vi		i43(9)	i		43	9				mm7	0	1	6, 3, 5, 2	7	5	6	0	10	0.0	0.0	1.25	0.0
79	79	0	0	3/4	3	1	i7\\					D	vi		i7	i		7				\\	mm7	0	1	5, 2, 6, 3		5	5	0	5	0.0	0.0	1.25	0.0
79	79	3/8	3/8	3/4	3	1	i					D	vi		i	i							m	0	1	5, 2, 6		5	5	5	4	0.5555555555555556	0.9375	0.9375	0.5
81	81	1/2	1/2	3/4	3	1	VI					D	vi		VI	VI							M	0	1	1, 5, 2		1	1	0	2	0.0	0.0	0.25	0.0
82	82	0	0	3/4	3	1	v.i7					D	v		i7	i		7					mm7	0	1	3, 0, 4, 1		3	3	0	12	0.0	0.0	3.0	0.0
82	82	1/2	1/2	3/4	3	1	i43					D	v		i43	i		43					mm7	0	1	4, 1, 3, 0		3	4	0	12	0.0	0.0	3.0	0.0
83	83	0	0	3/4	3	1	i7					D	v		i7	i		7					mm7	0	1	3, 0, 4, 1		3	3	0	24	0.0	0.0	4.25	0.0
83	83	5/8	5/8	3/4	3	1	i43					D	v		i43	i		43					mm7	0	1	4, 1, 3, 0		3	4	0	12	0.0	0.0	1.5	0.0
84	84	0	0	3/4	3	1	i7					D	v		i7	i		7					mm7	0	1	3, 0, 4, 1		3	3	0	12	0.0	0.0	3.0	0.0
84	84	1/2	1/2	3/4	3	1	i43					D	v		i43	i		43					mm7	0	1	4, 1, 3, 0		3	4	0	12	0.0	0.0	3.0	0.0
85	85	0	0	3/4	3	1	i7\\					D	v		i7	i		7				\\	mm7	0	1	3, 0, 4, 1		3	3	0	6	0.0	0.0	1.5	0.0
85	85	3/8	3/8	3/4	3	1	IV.I					D	IV		I	I							M	0	0	1, 5, 2		1	1	7	4	0.6363636363636364	1.1875	0.9375	0.5588235294117647
88	88	0	0	3/4	3	1	viio					D	IV		viio	vii	o						o	0	0	6, 3, 0		6	6	0	4	0.0	0.0	0.75	0.0
88	88	5/8	5/8	3/4	3	1	vi					D	IV		vi	vi							m	0	0	4, 1, 5		4	4	0	1	0.0	0.0	0.25	0.0
89	89	0	0	3/4	3	1	I(9+6)					D	IV		I(9+6)	I			9+6				M	0	0	1, 5, 2	3, 4	1	1	0	12	0.0	0.0	3.0	0.0
89	89	1/2	1/2	3/4	3	1	I64(9+6)	0	-9	/		D	IV		I64(9+6)	I		64	9+6				M	0	0	2, 1, 5	3, 4	1	2	0	12	0.0	0.0	3.0	0.0
90	90	0	0	3/4	3	1	I(9+6)					D	IV		I(9+6)	I			9+6				M	0	0	1, 5, 2	3, 4	1	1	0	22	0.0	0.0	4.25	0.0
90	90	5/8	5/8	3/4	3	1	I64(9+6)	0	-9	/		D	IV		I64(9+6)	I		64	9+6				M	0	0	2, 1, 5	3, 4	1	2	0	12	0.0	0.0	1.5	0.0
91	91	0	0	3/4	3	1	I(9+6)\\					D	IV		I(9+6)	I			9+6			\\	M	0	0	1, 5, 2	3, 4	1	1	0	7	0.0	0.0	1.75	0.0
91	91	3/8	3/8	3/4	3	1	vi					D	IV		vi	vi							m	0	0	4, 1, 5		4	4	1	1	0.5	0.125	0.25	0.3333333333333333
92	92	0	0	3/4	3	1	I					D	IV		I	I							M	0	0	1, 5, 2		1	1	9	10	0.47368421052631576	0.8333333333333334	1.1666666666666667	0.4166666666666667
94	94	1/2	1/2	3/4	3	1	iii.v					D	iii		v	v							m	0	1	7, 4, 8		7	7	1	4	0.2	0.125	0.875	0.125
96	96	0	0	3/4	3	1	VI					D	iii		VI	VI							M	0	1	2, 6, 3		2	2	1	3	0.25	0.0625	0.6875	0.08333333333333333
96	96	5/8	5/8	3/4	3	1	V					D	iii		V	V							M	0	1	7, 11, 8		7	7	0	1	0.0	0.0	0.25	0.0
97	97	0	0	3/4	3	1	i7(9+#3)					D	iii		i7(9+#3)	i		7	9+#3				mm7	0	1	6, 3, 7, 4	8, 10	6	6	1	11	0.08333333333333333	0.25	2.75	0.08333333333333333
97	97	1/2	1/2	3/4	3	1	i43(9+#3)	0	-8	/		D	iii		i43(9+#3)	i		43	9+#3				mm7	0	1	7, 4, 6, 3	8, 10	6	7	1	11	0.08333333333333333	0.25	2.75	0.08333333333333333
98	98	0	0	3/4	3	1	i7(9+#3)					D	iii		i7(9+#3)	i		7	9+#3				mm7	0	1	6, 3, 7, 4	8, 10	6	6	1	21	0.045454545454545456	0.375	3.875	0.08823529411764706
98	98	5/8	5/8	3/4	3	1	i43(9+#3)	0	-8	/		D	iii		i43(9+#3)	i		43	9+#3				mm7	0	1	7, 4, 6, 3	8, 10	6	7	1	11	0.08333333333333333	0.125	1.375	0.08333333333333333
99	99	0	0	3/4	3	1	i7(9+#3)					D	iii		i7(9+#3)	i		7	9+#3				mm7	0	1	6, 3, 7, 4	8, 10	6	6	1	10	0.09090909090909091	0.25	2.5	0.09090909090909091
99	99	1/2	1/2	3/4	3	1	i43(9+#3)	0	-8	/		D	iii		i43(9+#3)	i		43	9+#3				mm7	0	1	7, 4, 6, 3	8, 10	6	7	1	10	0.09090909090909091	0.25	2.5	0.09090909090909091
100	100	0	0	3/4	3	1	i7(+#3)	0	-8	/		D	iii		i7(+#3)	i		7	+#3				mm7	0	1	6, 3, 7, 4	10	6	6	0	18	0.0	0.0	3.5	0.0
100	100	5/8	5/8	3/4	3	1	i43(+#3)	0	-11	/		D	iii		i43(+#3)	i		43	+#3				mm7	0	1	7, 4, 6, 3	10	6	7	0	10	0.0	0.0	1.25	0.0
101	101	0	0	3/4	3	1	i7(+#3)	0	-8	/		D	iii		i7(+#3)	i		7	+#3				mm7	0	1	6, 3, 7, 4	10	6	6	0	7	0.0	0.0	1.75	0.0
101	101	1/2	1/2	3/4	3	1	i43(+#3)	0	-8	/		D	iii		i43(+#3)	i		43	+#3				mm7	0	1	7, 4, 6, 3	10	6	7	0	7	0.0	0.0	1.75	0.0
102	102	0	0	3/4	3	1	i7(+#3)	0	-5	/		D	iii		i7(+#3)	i		7	+#3				mm7	0	1	6, 3, 7, 4	10	6	6	0	11	0.0	0.0	1.625	0.0
102	102	5/8	5/8	3/4	3	1	i43(+#3)	-4	-5	/		D	iii		i43(+#3)	i		43	+#3				mm7	0	1	7, 4, 6, 3	10	6	7	0	5	0.0	0.0	0.625	0.0
103	103	0	0	3/4	3	1	i\\					D	iii		i	i						\\	m	0	1	6, 3, 7		6	6	0	2	0.0	0.0	0.5	0.0
103	103	1/4	1/4	3/4	3	1	i64					D	iii		i64	i		64					m	0	1	7, 6, 3		6	7	0	5	0.0	0.0	1.25	0.0
105	105	0	0	3/4	3	1	iM2(b9)	0	-8	/		D	iii		iM2(b9)	i	M	2	b9				mM7	0	1	11, 6, 3, 7	1	6	11	0	29	0.0	0.0	6.0	0.0
107	107	0	0	3/4	3	1	V(b5)	0	-8	/		D	iii		V(b5)	V			b5				M	0	1	7, 11, 1		7	7	0	72	0.0	0.0	17.0	0.0
110	110	1/2	1/2	3/4	3	1	#viio64(b3)	0	-8	/		D	iii		#viio64(b3)	#vii	o	64	b3				o	0	1	5, 11, 1		11	5	0	15	0.0	0.0	2.625	0.0
111	111	3/8	3/8	3/4	3	1	iM7(b94)	0	-8	/		D	iii		iM7(b94)	i	M	7	b94				mM7	0	1	6, 5, 7, 11	1	6	6	0	79	0.0	0.0	13.375	0.0
115	115	0	0	3/4	3	1	V(b5)	0	-8	/		D	iii		V(b5)	V			b5				M	0	1	7, 11, 1		7	7	2	12	0.14285714285714285	0.25	2.0	0.1111111111111111
115	115	3/8	3/8	3/4	3	1	V6(b5+b3)	0	-8	/		D	iii		V6(b5+b3)	V		6	b5+b3				M	0	1	11, 1, 7	4	7	11	2	36	0.05263157894736842	0.5	8.25	0.05714285714285714
117	117	1/4	1/4	3/4	3	1	V(b5)	0	-8	/		D	iii		V(b5)	V			b5				M	0	1	7, 11, 1		7	7	0	6	0.0	0.0	1.5	0.0
117	117	1/2	1/2	3/4	3	1	#viio64(b3)	0	-8	/		D	iii		#viio64(b3)	#vii	o	64	b3				o	0	1	5, 11, 1		11	5	0	20	0.0	0.0	4.5	0.0
118	118	1/2	1/2	3/4	3	1	IM65(b9)	0	-8	/		D	iii		IM65(b9)	I	M	65	b9				MM7	0	1	10, 7, 11, 6	1	6	10	2	14	0.125	0.16666666666666666	1.8333333333333333	0.08333333333333333
119	119	1/4	1/4	3/4	3	1	i(9)	0	-7	/		D	iii		i(9)	i			9				m	0	1	6, 3, 7	8	6	6	21	95	0.1810344827586207	3.875	16.375	0.19135802469135801
124	124	1/2	1/2	3/4	3	1	i\\					D	iii		i	i						\\	m	0	1	6, 3, 7		6	6	0	22	0.0	0.0	1.375	0.0
126	126	0	0	9/8	3	1	i[#viio7(b3)					D	iii	i	#viio7(b3)	#vii	o	7	b3				o7	0	1	11, 1, 5, 2		11	11	6	7	0.46153846153846156	0.5625	1.3125	0.3
126	126	1/2	1/2	9/8	3	1	v2(b5)					D	iii	i	v2(b5)	v		2	b5				mm7	0	1	5, 7, 4, 1		7	5	3	5	0.375	0.375	1.875	0.16666666666666666
126	126	7/8	7/8	9/8	3	1	i7(b9)					D	iii	i	i7(b9)	i		7	b9				mm7	0	1	6, 3, 7, 4	1	6	6	0	7	0.0	0.0	1.5	0.0
127	127	0	0	9/8	3	1	viio7(b3)/V					D	iii	i	viio7(b3)/V	vii	o	7	b3	V			o7	0	1	12, 2, 6, 3		12	12	2	11	0.15384615384615385	0.0625	1.8125	0.03333333333333333
127	127	1/2	1/2	9/8	3	1	V7(9)/IV					D	iii	i	V7(9)/IV	V		7	9	IV			Mm7	0	1	6, 10, 7, 4	8	6	6	0	8	0.0	0.0	2.25	0.0
127	127	7/8	7/8	9/8	3	1	V2/III					D	iii	i	V2/III	V		2		III			Mm7	0	1	2, 4, 8, 5		4	2	2	5	0.2857142857142857	0.25	1.25	0.16666666666666666
128	128	0	0	9/8	3	1	i7(b9)					D	iii	i	i7(b9)	i		7	b9				mm7	0	1	6, 3, 7, 4	1	6	6	2	11	0.15384615384615385	0.0625	1.8125	0.03333333333333333
128	128	1/2	1/2	9/8	3	1	V7(9)/IV					D	iii	i	V7(9)/IV	V		7	9	IV			Mm7	0	1	6, 10, 7, 4	8	6	6	0	7	0.0	0.0	1.875	0.0
128	128	7/8	7/8	9/8	3	1	V43/vii					D	iii	i	V43/vii	V		43		vii			Mm7	0	1	6, 3, 5, 9		5	6	0	7	0.0	0.0	1.5	0.0
129	129	0	0	9/8	3	1	viio7(b3)/V					D	iii	i	viio7(b3)/V	vii	o	7	b3	V			o7	0	1	12, 2, 6, 3		12	12	2	12	0.14285714285714285	0.0625	1.9375	0.03125
129	129	5/8	5/8	9/8	3	1	V7(9)/IV					D	iii	i	V7(9)/IV	V		7	9	IV			Mm7	0	1	6, 10, 7, 4	8	6	6	0	14	0.0	0.0	3.0	0.0
130	130	0	0	9/8	3	1	i\\					D	iii	i	i	i						\\	m	0	1	6, 3, 7		6	6	0	21	0.0	0.0	2.625	0.0
133	133	0	0	6/8	3	1	iM2(b9)]	0	-9	/		D	iii	i	iM2(b9)	i	M	2	b9				mM7	0	1	11, 6, 3, 7	1	6	11	0	67	0.0	0.0	13.75	0.0
137	137	0	0	6/8	3	1	V(b5)	0	-8	/		D	iii		V(b5)	V			b5				M	0	1	7, 11, 1		7	7	0	68	0.0	0.0	14.0	0.0
140	140	1/2	1/2	6/8	3	1	#viio64(b3)	0	-8	/		D	iii		#viio64(b3)	#vii	o	64	b3				o	0	1	5, 11, 1		11	5	0	15	0.0	0.0	2.625	0.0
141	141	3/8	3/8	6/8	3	1	iM7(b94)	0	-8	/		D	iii		iM7(b94)	i	M	7	b94				mM7	0	1	6, 5, 7, 11	1	6	6	0	79	0.0	0.0	13.375	0.0
145	145	0	0	6/8	3	1	V(b5)	0	-8	/		D	iii		V(b5)	V			b5				M	0	1	7, 11, 1		7	7	2	12	0.14285714285714285	0.25	2.0	0.1111111111111111
145	145	3/8	3/8	6/8	3	1	V6(b5+b3)	0	-8	/		D	iii		V6(b5+b3)	V		6	b5+b3				M	0	1	11, 1, 7	4	7	11	2	36	0.05263157894736842	0.5	8.25	0.05714285714285714
147	147	1/4	1/4	6/8	3	1	V(b5)	0	-8	/		D	iii		V(b5)	V			b5				M	0	1	7, 11, 1		7	7	0	6	0.0	0.0	1.5	0.0
147	147	1/2	1/2	6/8	3	1	#viio64(b3)	-1.8	-8	/		D	iii		#viio64(b3)	#vii	o	64	b3				o	0	1	5, 11, 1		11	5	0	6	0.0	0.0	1.0	0.0
148	148	0	0	6/8	3	1	I.V7(9)	1	-8	/		D	I		V7(9)	V		7	9				Mm7	0	0	3, 7, 4, 1	5	3	3	8	40	0.16666666666666666	1.0833333333333333	9.083333333333334	0.10655737704918031
150	150	1/4	1/4	6/8	3	1	I6(+6)					D	I		I6(+6)	I		6	+6				M	0	0	6, 3, 2	5	2	6	0	10	0.0	0.0	2.5	0.0
151	151	0	0	6/8	3	1	I64(+6)					D	I		I64(+6)	I		64	+6				M	0	0	3, 2, 6	5	2	3	0	79	0.0	0.0	13.375	0.0
154	154	3/8	3/8	6/8	3	1	I(+6)					D	I		I(+6)	I			+6				M	0	0	2, 6, 3	5	2	2	0	27	0.0	0.0	4.375	0.0
155	155	1/2	1/2	6/8	3	1	V[V					D	I	V	V	V							M	0	0	3, 7, 4		3	3	0	22	0.0	0.0	1.375	0.0
157	157	0	0	9/8	3	1	I64(+6)	0	-8	/		D	I	V	I64(+6)	I		64	+6				M	0	0	3, 2, 6	5	2	3	2	12	0.14285714285714285	0.0625	2.0625	0.029411764705882353
157	157	1/2	1/2	9/8	3	1	V7(#8#44)	0	-8	/		D	I	V	V7(#8#44)	V		7	#8#44				Mm7	0	0	3, 2, 9, 1		3	3	2	8	0.2	0.625	1.875	0.25
157	157	7/8	7/8	9/8	3	1	V7(9)	0	-8	/		D	I	V	V7(9)	V		7	9				Mm7	0	0	3, 7, 4, 1	5	3	3	0	8	0.0	0.0	1.875	0.0
158	158	0	0	9/8	3	1	I6(+6)	0	-8	/		D	I	V	I6(+6)	I		6	+6				M	0	0	6, 3, 2	5	2	6	2	12	0.14285714285714285	0.0625	2.5625	0.023809523809523808
158	158	1/2	1/2	9/8	3	1	V(9#6#4#2)	0	-8	/		D	I	V	V(9#6#4#2)	V			9#6#4#2				M	0	0	3, 12, 9	5, 13	3	3	0	10	0.0	0.0	3.0	0.0
158	158	7/8	7/8	9/8	3	1	VM7(#5)	0	-8	/		D	I	V	VM7(#5)	V	M	7	#5				MM7	0	0	3, 7, 11, 8		3	3	0	8	0.0	0.0	1.875	0.0
159	159	0	0	9/8	3	1	I(+6)	0	-8	/		D	I	V	I(+6)	I			+6				M	0	0	2, 6, 3	5	2	2	2	12	0.14285714285714285	0.0625	2.5625	0.023809523809523808
159	159	1/2	1/2	9/8	3	1	V7(#86#4)	0	-7	/		D	I	V	V7(#86#4)	V		7	#86#4				Mm7	0	0	3, 7, 9, 6, 1		3	3	2	8	0.2	0.625	2.0	0.23809523809523808
159	159	7/8	7/8	9/8	3	1	V7(9)					D	I	V	V7(9)	V		7	9				Mm7	0	0	3, 7, 4, 1	5	3	3	0	8	0.0	0.0	1.875	0.0
160	160	0	0	9/8	3	1	I(+6)					D	I	V	I(+6)	I			+6				M	0	0	2, 6, 3	5	2	2	2	12	0.14285714285714285	0.0625	2.5625	0.023809523809523808
160	160	1/2	1/2	9/8	3	1	V7(#86#4)					D	I	V	V7(#86#4)	V		7	#86#4				Mm7	0	0	3, 7, 9, 6, 1		3	3	2	8	0.2	0.75	2.25	0.25
160	160	7/8	7/8	9/8	3	1	V7(9)					D	I	V	V7(9)	V		7	9				Mm7	0	0	3, 7, 4, 1	5	3	3	0	8	0.0	0.0	1.875	0.0
161	161	0	0	9/8	3	1	V					D	I	V	V	V							M	0	0	3, 7, 4		3	3	0	9	0.0	0.0	1.125	0.0
162	162	0	0	9/8	3	1	V(#86)				III	D	I	V	V(#86)	V			#86				M	0	0	3, 7, 6		3	3	2	14	0.125	1.125	4.375	0.20454545454545456
163	163	0	0	9/8	3	1	V7(9)					D	I	V	V7(9)	V		7	9				Mm7	0	0	3, 7, 4, 1	5	3	3	0	8	0.0	0.0	2.875	0.0
163	163	3/4	3/4	9/8	3	1	V(#86)				III	D	I	V	V(#86)	V			#86				M	0	0	3, 7, 6		3	3	1	5	0.16666666666666666	0.375	1.375	0.21428571428571427
164	164	0	0	9/8	3	1	V]\\					D	I	V	V	V						\\	M	0	0	3, 7, 4		3	3	0	18	0.0	0.0	2.25	0.0
166	166	0	0	9/8	3	1	bII.I(+b6)					D	bII		I(+b6)	I			+b6				M	0	0	-3, 1, -2	-7	-3	-3	0	8	0.0	0.0	0.6666666666666666	0.0
166	166	3/8	3/8	9/8	3	1	I					D	bII		I	I							M	0	0	-3, 1, -2		-3	-3	0	8	0.0	0.0	1.0	0.0
166	166	3/4	3/4	9/8	3	1	vM7(b9b6+4)					D	bII		vM7(b9b6+4)	v	M	7	b9b6+4				mM7	0	0	-2, -5, -6, 3	-7, -3	-2	-2	1	9	0.1	0.125	1.125	0.1
167	167	0	0	9/8	3	1	I(+b6)					D	bII		I(+b6)	I			+b6				M	0	0	-3, 1, -2	-7	-3	-3	0	8	0.0	0.0	0.6666666666666666	0.0
167	167	3/8	3/8	9/8	3	1	I					D	bII		I	I							M	0	0	-3, 1, -2		-3	-3	0	7	0.0	0.0	0.875	0.0
167	167	3/4	3/4	9/8	3	1	vM7(b96+4)					D	bII		vM7(b96+4)	v	M	7	b96+4				mM7	0	0	-2, -5, 1, 3	-7, -3	-2	-2	2	8	0.2	0.25	1.0	0.2
168	168	0	0	6/8	3	1	I(+b6)					D	bII		I(+b6)	I			+b6				M	0	0	-3, 1, -2	-7	-3	-3	0	8	0.0	0.0	0.6666666666666666	0.0
168	168	3/8	3/8	6/8	3	1	I					D	bII		I	I							M	0	0	-3, 1, -2		-3	-3	0	9	0.0	0.0	0.7916666666666666	0.0
169	169	0	0	6/8	3	1	I(+b6)					D	bII		I(+b6)	I			+b6				M	0	0	-3, 1, -2	-7	-3	-3	0	8	0.0	0.0	0.6666666666666666	0.0
169	169	3/8	3/8	6/8	3	1	I					D	bII		I	I							M	0	0	-3, 1, -2		-3	-3	2	6	0.25	0.25	0.4166666666666667	0.37499999999999994
170	170	0	0	9/8	3	1	III.I(+b6)					D	III		I(+b6)	I			+b6				M	0	0	6, 10, 7	2	6	6	0	8	0.0	0.0	0.6666666666666666	0.0
170	170	3/8	3/8	9/8	3	1	I					D	III		I	I							M	0	0	6, 10, 7		6	6	0	8	0.0	0.0	1.0	0.0
170	170	3/4	3/4	9/8	3	1	vM7(b96+4)					D	III		vM7(b96+4)	v	M	7	b96+4				mM7	0	0	7, 4, 10, 12	2, 6	7	7	2	8	0.2	0.08333333333333333	0.7083333333333334	0.10526315789473682
171	171	0	0	9/8	3	1	I(+b6)					D	III		I(+b6)	I			+b6				M	0	0	6, 10, 7	2	6	6	0	8	0.0	0.0	0.6666666666666666	0.0
171	171	3/8	3/8	9/8	3	1	I					D	III		I	I							M	0	0	6, 10, 7		6	6	0	8	0.0	0.0	1.0	0.0
171	171	3/4	3/4	9/8	3	1	vM7(b96+4)					D	III		vM7(b96+4)	v	M	7	b96+4				mM7	0	0	7, 4, 10, 12	2, 6	7	7	2	8	0.2	0.08333333333333333	0.7083333333333334	0.10526315789473682
172	172	0	0	6/8	3	1	I(+b6)					D	III		I(+b6)	I			+b6				M	0	0	6, 10, 7	2	6	6	1	9	0.1	0.041666666666666664	0.7083333333333334	0.05555555555555555
172	172	3/8	3/8	6/8	3	1	I					D	III		I	I							M	0	0	6, 10, 7		6	6	3	7	0.3	0.2916666666666667	0.4583333333333333	0.3888888888888889
173	173	0	0	6/8	3	1	V.I(+b6)					D	V		I(+b6)	I			+b6				M	0	0	3, 7, 4	-1	3	3	0	8	0.0	0.0	0.6666666666666666	0.0
173	173	3/8	3/8	6/8	3	1	I					D	V		I	I							M	0	0	3, 7, 4		3	3	2	6	0.25	0.25	0.4166666666666667	0.37499999999999994
174	174	0	0	6/8	3	1	VII.I					D	VII		I	I							M	0	0	7, 11, 8		7	7	0	22	0.0	0.0	1.75	0.0
175	175	0	0	6/8	3	1	bvii%7					D	VII		bvii%7	bvii	%	7					%7	0	0	5, 2, -1, 3		5	5	24	42	0.36363636363636365	0.5142857142857142	1.6107142857142858	0.24201680672268905
176	176	0	0	6/8	3	1	I					D	VII		I	I							M	0	0	7, 11, 8		7	7	0	20	0.0	0.0	1.5	0.0
177	177	0	0	6/8	3	1	bvi7					D	VII		bvi7	bvi		7					mm7	0	0	3, 0, 4, 1		3	3	24	42	0.36363636363636365	0.5142857142857142	1.6107142857142858	0.24201680672268905
178	178	0	0	6/8	3	1	I					D	VII		I	I							M	0	0	7, 11, 8		7	7	0	20	0.0	0.0	1.5	0.0
179	179	0	0	6/8	3	1	bV7	0	-8	/		D	VII		bV7	bV		7					Mm7	0	0	1, 5, 2, -1		1	1	55	85	0.39285714285714285	1.1413690476190477	2.9211309523809526	0.28095238095238095
181	181	0	0	6/8	3	1	I\\					D	VII		I	I						\\	M	0	0	7, 11, 8		7	7	0	75	0.0	0.0	5.125	0.0
185	185	0	0	6/8	3	1	I.V7/iii					D	I		V7/iii	V		7		iii			Mm7	0	0	7, 11, 8, 5		7	7	0	10	0.0	0.0	0.8	0.0
185	185	1/4	1/4	6/8	3	1	iii[V7/iii]					D	I	iii	V7/iii	V		7		iii			Mm7	0	0	7, 11, 8, 5		7	7	1	8	0.1111111111111111	0.125	0.55	0.18518518518518517
185	185	1/2	1/2	6/8	3	1	V2/iii					D	I		V2/iii	V		2		iii			Mm7	0	0	5, 7, 11, 8		7	5	0	6	0.0	0.0	0.5625	0.0
185	185	5/8	5/8	6/8	3	1	iii(+#4)					D	I		iii(+#4)	iii			+#4				m	0	0	6, 3, 7	12	6	6	1	5	0.16666666666666666	0.0625	0.5	0.1111111111111111
186	186	0	0	6/8	3	1	V2/iii					D	I		V2/iii	V		2		iii			Mm7	0	0	5, 7, 11, 8		7	5	0	15	0.0	0.0	1.2375	0.0
186	186	3/8	3/8	6/8	3	1	iii6(+#6)					D	I		iii6(+#6)	iii		6	+#6				m	0	0	3, 7, 6	9	6	3	0	6	0.0	0.0	0.5625	0.0
186	186	1/2	1/2	6/8	3	1	V2/iii					D	I		V2/iii	V		2		iii			Mm7	0	0	5, 7, 11, 8		7	5	0	6	0.0	0.0	0.5625	0.0
186	186	5/8	5/8	6/8	3	1	iii6(+#6)					D	I		iii6(+#6)	iii		6	+#6				m	0	0	3, 7, 6	9	6	3	0	6	0.0	0.0	0.5625	0.0
187	187	0	0	6/8	3	1	V7/iii					D	I		V7/iii	V		7		iii			Mm7	0	0	7, 11, 8, 5		7	7	0	10	0.0	0.0	0.8	0.0
187	187	1/4	1/4	6/8	3	1	iii[V7/iii]					D	I	iii	V7/iii	V		7		iii			Mm7	0	0	7, 11, 8, 5		7	7	1	8	0.1111111111111111	0.125	0.55	0.18518518518518517
187	187	1/2	1/2	6/8	3	1	V2/iii					D	I		V2/iii	V		2		iii			Mm7	0	0	5, 7, 11, 8		7	5	0	6	0.0	0.0	0.5625	0.0
187	187	5/8	5/8	6/8	3	1	iii(+#4)					D	I		iii(+#4)	iii			+#4				m	0	0	6, 3, 7	12	6	6	1	5	0.16666666666666666	0.0625	0.5	0.1111111111111111
188	188	0	0	6/8	3	1	V2/iii					D	I		V2/iii	V		2		iii			Mm7	0	0	5, 7, 11, 8		7	5	0	15	0.0	0.0	1.2375	0.0
188	188	3/8	3/8	6/8	3	1	iii6(+#6)					D	I		iii6(+#6)	iii		6	+#6				m	0	0	3, 7, 6	9	6	3	0	6	0.0	0.0	0.5625	0.0
188	188	1/2	1/2	6/8	3	1	V2/iii					D	I		V2/iii	V		2		iii			Mm7	0	0	5, 7, 11, 8		7	5	0	6	0.0	0.0	0.5625	0.0
188	188	5/8	5/8	6/8	3	1	iii6(+#6)					D	I		iii6(+#6)	iii		6	+#6				m	0	0	3, 7, 6	9	6	3	0	6	0.0	0.0	0.5625	0.0
189	189	0	0	6/8	3	1	IVM7					D	I		IVM7	IV	M	7					MM7	0	0	1, 5, 2, 6		1	1	0	10	0.0	0.0	0.8	0.0
189	189	1/4	1/4	6/8	3	1	ii(9)					D	I		ii(9)	ii			9				m	0	0	4, 1, 5	6	4	4	0	9	0.0	0.0	0.675	0.0
189	189	1/2	1/2	6/8	3	1	IVM7					D	I		IVM7	IV	M	7					MM7	0	0	1, 5, 2, 6		1	1	0	6	0.0	0.0	0.5625	0.0
189	189	5/8	5/8	6/8	3	1	vii%7/V					D	I		vii%7/V	vii	%	7		V			%7	0	0	8, 5, 2, 6		8	8	0	6	0.0	0.0	0.5625	0.0
190	190	0	0	6/8	3	1	IVM7					D	I		IVM7	IV	M	7					MM7	0	0	1, 5, 2, 6		1	1	0	15	0.0	0.0	1.2375	0.0
190	190	3/8	3/8	6/8	3	1	V65(b5)/iii					D	I		V65(b5)/iii	V		65	b5	iii			Mm7	0	0	11, 1, 5, 7		7	11	0	6	0.0	0.0	0.5625	0.0
190	190	1/2	1/2	6/8	3	1	IVM7					D	I		IVM7	IV	M	7					MM7	0	0	1, 5, 2, 6		1	1	0	6	0.0	0.0	0.5625	0.0
190	190	5/8	5/8	6/8	3	1	V65(b5)/iii					D	I		V65(b5)/iii	V		65	b5	iii			Mm7	0	0	11, 1, 5, 7		7	11	4	7	0.36363636363636365	0.3333333333333333	0.6041666666666666	0.3555555555555555
191	191	1/8	1/8	6/8	3	1	ii7(9)					D	I		ii7(9)	ii		7	9				mm7	0	0	4, 1, 5, 2	6	4	4	15	81	0.15625	1.5416666666666667	7.958333333333333	0.16228070175438597
195	195	0	0	6/8	3	1	ii7					D	I		ii7	ii		7					mm7	0	0	4, 1, 5, 2		4	4	0	3	0.0	0.0	0.375	0.0
195	195	1/8	1/8	6/8	3	1	ii65(4)					D	I		ii65(4)	ii		65	4				mm7	0	0	3, 5, 2, 4		4	3	2	1	0.6666666666666666	0.25	0.125	0.6666666666666666
195	195	1/4	1/4	6/8	3	1	ii65					D	I		ii65	ii		65					mm7	0	0	1, 5, 2, 4		4	1	0	1	0.0	0.0	0.125	0.0
195	195	3/8	3/8	6/8	3	1	ii(2)					D	I		ii(2)	ii			2				m	0	0	6, 1, 5		4	6	0	3	0.0	0.0	0.625	0.0
195	195	1/2	1/2	6/8	3	1	ii					D	I		ii	ii							m	0	0	4, 1, 5		4	4	0	1	0.0	0.0	0.125	0.0
195	195	5/8	5/8	6/8	3	1	ii7\\					D	I		ii7	ii		7				\\	mm7	0	0	4, 1, 5, 2		4	4	0	7	0.0	0.0	0.4375	0.0
196	196	0	0	6/8	3	1	I(b6)					D	I		I(b6)	I			b6				M	0	0	2, 6, -2		2	2	1	7	0.125	0.125	0.875	0.125
196	196	3/8	3/8	6/8	3	1	I64(b6)					D	I		I64(b6)	I		64	b6				M	0	0	-2, 2, 6		2	-2	3	5	0.375	0.375	0.625	0.375
197	197	0	0	6/8	3	1	I(b6)					D	I		I(b6)	I			b6				M	0	0	2, 6, -2		2	2	1	7	0.125	0.125	0.875	0.125
197	197	3/8	3/8	6/8	3	1	i64					D	I		i64	i		64					m	0	0	3, 2, -1		2	3	0	3	0.0	0.0	0.375	0.0
197	197	1/2	1/2	6/8	3	1	vM7					D	I		vM7	v	M	7					mM7	0	0	3, 0, 4, 8		3	3	0	3	0.0	0.0	0.375	0.0
197	197	5/8	5/8	6/8	3	1	bII					D	I		bII	bII							M	0	0	-3, 1, -2		-3	-3	0	2	0.0	0.0	0.25	0.0
198	198	0	0	6/8	3	1	I(b6)					D	I		I(b6)	I			b6				M	0	0	2, 6, -2		2	2	1	7	0.125	0.125	0.875	0.125
198	198	3/8	3/8	6/8	3	1	I64(b6)					D	I		I64(b6)	I		64	b6				M	0	0	-2, 2, 6		2	-2	3	5	0.375	0.375	0.625	0.375
199	199	0	0	6/8	3	1	I(b6)					D	I		I(b6)	I			b6				M	0	0	2, 6, -2		2	2	1	7	0.125	0.125	0.875	0.125
199	199	3/8	3/8	6/8	3	1	i64					D	I		i64	i		64					m	0	0	3, 2, -1		2	3	0	3	0.0	0.0	0.375	0.0
199	199	1/2	1/2	6/8	3	1	vM7					D	I		vM7	v	M	7					mM7	0	0	3, 0, 4, 8		3	3	0	3	0.0	0.0	0.375	0.0
199	199	5/8	5/8	6/8	3	1	bII					D	I		bII	bII							M	0	0	-3, 1, -2		-3	-3	0	2	0.0	0.0	0.25	0.0
200	200	0	0	6/8	3	1	V[v7					D	I	V	v7	v		7					mm7	0	0	3, 0, 4, 1		3	3	5	13	0.2777777777777778	0.4583333333333333	1.6666666666666667	0.2156862745098039
201	201	0	0	6/8	3	1	v7(9)					D	I	V	v7(9)	v		7	9				mm7	0	0	3, 0, 4, 1	5	3	3	0	20	0.0	0.0	2.0625	0.0
202	202	0	0	6/8	3	1	V43/bV					D	I	V	V43/bV	V		43		bV			Mm7	0	0	-2, -5, -3, 1		-3	-2	12	18	0.4	2.5	2.25	0.5263157894736842
203	203	3/8	3/8	6/8	3	1	V7/bV					D	I	V	V7/bV	V		7		bV			Mm7	0	0	-3, 1, -2, -5		-3	-3	7	11	0.3888888888888889	1.6875	1.4375	0.54
204	204	1/2	1/2	6/8	3	1	V43/bV					D	I	V	V43/bV	V		43		bV			Mm7	0	0	-2, -5, -3, 1		-3	-2	4	13	0.23529411764705882	0.8125	1.6875	0.325
205	205	3/8	3/8	6/8	3	1	V65/bV					D	I	V	V65/bV	V		65		bV			Mm7	0	0	1, -2, -5, -3		-3	1	2	6	0.25	0.3125	0.8125	0.2777777777777778
206	206	0	0	6/8	3	1	V2/ii					D	I	V	V2/ii	V		2		ii			Mm7	0	0	3, 5, 9, 6		5	3	0	22	0.0	0.0	2.75	0.0
206	206	5/8	5/8	6/8	3	1	V65/IV	-2	-6	/		D	I	V	V65/IV	V		65		IV			Mm7	0	0	6, 3, 0, 2		2	6	1	7	0.125	0.125	0.875	0.125
207	207	0	0	6/8	3	1	V2/ii					D	I	V	V2/ii	V		2		ii			Mm7	0	0	3, 5, 9, 6		5	3	0	14	0.0	0.0	1.75	0.0
207	207	3/8	3/8	6/8	3	1	V7(6)					D	I	V	V7(6)	V		7	6				Mm7	0	0	3, 7, 6, 1		3	3	2	6	0.25	0.25	0.75	0.25
207	207	5/8	5/8	6/8	3	1	v7(9)					D	I	V	v7(9)	v		7	9				mm7	0	0	3, 0, 4, 1	5	3	3	0	6	0.0	0.0	0.75	0.0
208	208	0	0	6/8	3	1	V2/ii					D	I	V	V2/ii	V		2		ii			Mm7	0	0	3, 5, 9, 6		5	3	0	18	0.0	0.0	1.875	0.0
208	208	3/8	3/8	6/8	3	1	V7(6)					D	I	V	V7(6)	V		7	6				Mm7	0	0	3, 7, 6, 1		3	3	2	6	0.25	0.25	0.75	0.25
208	208	5/8	5/8	6/8	3	1	v7(9)]	-1	-6	/		D	I	V	v7(9)	v		7	9				mm7	0	0	3, 0, 4, 1	5	3	3	0	6	0.0	0.0	0.375	0.0
209	209	0	0	6/8	3	1	bvii.V7(94)/bII					D	bvii		V7(94)/bII	V		7	94	bII			Mm7	0	1	-4, -5, -3, -6	-2	-4	-4	18	0	1.0	2.0	0.0	1.0
210	210	0	0	6/8	3	1	V7(b96)/#VII					D	bvii		V7(b96)/#VII	V		7	b96	#VII			Mm7	0	1	6, 10, 9, 4	1	6	6	3	19	0.13636363636363635	0.25	2.5	0.09090909090909091
211	211	0	0	6/8	3	1	V7(9)/#VI					D	bvii		V7(9)/#VI	V		7	9	#VI			Mm7	0	1	4, 8, 5, 2	6	4	4	4	15	0.21052631578947367	0.3333333333333333	1.7916666666666667	0.1568627450980392
212	212	0	0	6/8	3	1	V7(b96)/V					D	bvii		V7(b96)/V	V		7	b96	V			Mm7	0	1	2, 6, 5, 0	-3	2	2	15	19	0.4411764705882353	1.321969696969697	1.553030303030303	0.45981554677206854
213	213	0	0	9/8	3	1	iM7(+b6)					D	bvii		iM7(+b6)	i	M	7	+b6				mM7	0	1	0, -3, 1, 5	-11	0	0	1	8	0.1111111111111111	0.125	0.5	0.2
213	213	3/8	3/8	9/8	3	1	iM7					D	bvii		iM7	i	M	7					mM7	0	1	0, -3, 1, 5		0	0	0	10	0.0	0.0	1.25	0.0
213	213	3/4	3/4	9/8	3	1	V7(b9)					D	bvii		V7(b9)	V		7	b9				Mm7	0	1	1, 5, 2, -1	-11	1	1	4	7	0.36363636363636365	0.5	0.875	0.36363636363636365
214	214	0	0	9/8	3	1	iM7(+b6)					D	bvii		iM7(+b6)	i	M	7	+b6				mM7	0	1	0, -3, 1, 5	-11	0	0	1	8	0.1111111111111111	0.125	0.5	0.2
214	214	3/8	3/8	9/8	3	1	iM7					D	bvii		iM7	i	M	7					mM7	0	1	0, -3, 1, 5		0	0	0	10	0.0	0.0	1.25	0.0
214	214	3/4	3/4	9/8	3	1	V7(b9)					D	bvii		V7(b9)	V		7	b9				Mm7	0	1	1, 5, 2, -1	-11	1	1	4	7	0.36363636363636365	0.5	0.875	0.36363636363636365
215	215	0	0	9/8	3	1	iM7(+b6)					D	bvii		iM7(+b6)	i	M	7	+b6				mM7	0	1	0, -3, 1, 5	-11	0	0	2	8	0.2	0.25	0.5	0.3333333333333333
215	215	3/8	3/8	9/8	3	1	iM43					D	bvii		iM43	i	M	43					mM7	0	1	1, 5, 0, -3		0	1	0	9	0.0	0.0	1.125	0.0
215	215	3/4	3/4	9/8	3	1	V7(b9)					D	bvii		V7(b9)	V		7	b9				Mm7	0	1	1, 5, 2, -1	-11	1	1	28	33	0.45901639344262296	3.5	4.125	0.45901639344262296
218	218	0	0	3/8	3	1	I.vii%43(#3)					D	I		vii%43(#3)	vii	%	43	#3				%7	0	0	1, 5, 7, 11		7	1	0	12	0.0	0.0	1.5	0.0
219	219	0	0	6/8	3	1	I					D	I		I	I							M	0	0	2, 6, 3		2	2	0	17	0.0	0.0	2.125	0.0
219	219	5/8	5/8	6/8	3	1	I6(b6)	-2	-6	/		D	I		I6(b6)	I		6	b6				M	0	0	6, -2, 2		2	6	0	5	0.0	0.0	0.625	0.0
220	220	0	0	6/8	3	1	I					D	I		I	I							M	0	0	2, 6, 3		2	2	0	6	0.0	0.0	0.5	0.0
220	220	1/4	1/4	6/8	3	1	I6					D	I		I6	I		6					M	0	0	6, 3, 2		2	6	0	5	0.0	0.0	0.625	0.0
220	220	3/8	3/8	6/8	3	1	VM7(#5)					D	I		VM7(#5)	V	M	7	#5				MM7	0	0	3, 7, 11, 8		3	3	0	6	0.0	0.0	0.5625	0.0
220	220	1/2	1/2	6/8	3	1	bVII					D	I		bVII	bVII							M	0	0	0, 4, 1		0	0	0	6	0.0	0.0	0.5625	0.0
220	220	5/8	5/8	6/8	3	1	viio64(b3)					D	I		viio64(b3)	vii	o	64	b3				o	0	0	1, 7, -3		7	1	0	7	0.0	0.0	0.625	0.0
221	221	0	0	6/8	3	1	I					D	I		I	I							M	0	0	2, 6, 3		2	2	0	12	0.0	0.0	1.0	0.0
221	221	1/4	1/4	6/8	3	1	I6					D	I		I6	I		6					M	0	0	6, 3, 2		2	6	0	5	0.0	0.0	0.625	0.0
221	221	3/8	3/8	6/8	3	1	VM7(#5)					D	I		VM7(#5)	V	M	7	#5				MM7	0	0	3, 7, 11, 8		3	3	0	6	0.0	0.0	0.5625	0.0
221	221	1/2	1/2	6/8	3	1	bVII					D	I		bVII	bVII							M	0	0	0, 4, 1		0	0	0	6	0.0	0.0	0.5625	0.0
221	221	5/8	5/8	6/8	3	1	viio64(b3)	-2	-6	/		D	I		viio64(b3)	vii	o	64	b3				o	0	0	1, 7, -3		7	1	0	7	0.0	0.0	0.625	0.0
222	222	0	0	6/8	3	1	I					D	I		I	I							M	0	0	2, 6, 3		2	2	0	6	0.0	0.0	0.5625	0.0
222	222	1/8	1/8	6/8	3	1	VM7(#5)	-1	-6	/		D	I		VM7(#5)	V	M	7	#5				MM7	0	0	3, 7, 11, 8		3	3	0	6	0.0	0.0	0.5625	0.0
222	222	1/4	1/4	6/8	3	1	bVII					D	I		bVII	bVII							M	0	0	0, 4, 1		0	0	0	6	0.0	0.0	0.5625	0.0
222	222	3/8	3/8	6/8	3	1	viio64(b3)	-2	-6	/		D	I		viio64(b3)	vii	o	64	b3				o	0	0	1, 7, -3		7	1	0	7	0.0	0.0	0.625	0.0
222	222	1/2	1/2	6/8	3	1	I					D	I		I	I							M	0	0	2, 6, 3		2	2	0	6	0.0	0.0	0.5625	0.0
222	222	5/8	5/8	6/8	3	1	VM7(#5)	-1	-6	/		D	I		VM7(#5)	V	M	7	#5				MM7	0	0	3, 7, 11, 8		3	3	0	6	0.0	0.0	0.5625	0.0
223	223	0	0	6/8	3	1	bVII					D	I		bVII	bVII							M	0	0	0, 4, 1		0	0	0	6	0.0	0.0	0.5625	0.0
223	223	1/8	1/8	6/8	3	1	viio64(b3)	-2	-6	/		D	I		viio64(b3)	vii	o	64	b3				o	0	0	1, 7, -3		7	1	0	7	0.0	0.0	0.625	0.0
223	223	1/4	1/4	6/8	3	1	I					D	I		I	I							M	0	0	2, 6, 3		2	2	0	6	0.0	0.0	0.5625	0.0
223	223	3/8	3/8	6/8	3	1	VM7(#5)	-1	-6	/		D	I		VM7(#5)	V	M	7	#5				MM7	0	0	3, 7, 11, 8		3	3	0	6	0.0	0.0	0.5625	0.0
223	223	1/2	1/2	6/8	3	1	bVII					D	I		bVII	bVII							M	0	0	0, 4, 1		0	0	1	5	0.16666666666666666	0.125	0.4375	0.2222222222222222
223	223	5/8	5/8	6/8	3	1	viio64(b3)	-2	-6	/		D	I		viio64(b3)	vii	o	64	b3				o	0	0	1, 7, -3		7	1	0	7	0.0	0.0	0.625	0.0
224	224	0	0	6/8	3	1	I\\					D	I		I	I						\\	M	0	0	2, 6, 3		2	2	0	6	0.0	0.0	0.75	0.0
224	224	1/4	1/4	6/8	3	1	iii					D	I		iii	iii							m	0	0	6, 3, 7		6	6	0	8	0.0	0.0	0.4166666666666667	0.0
225	225	0	0	6/8	3	1	III6(b9)\\					D	I		III6(b9)	III		6	b9			\\	M	0	0	10, 7, 6	-6	6	10	16	67	0.1927710843373494	1.75	5.6875	0.23529411764705882
228	228	1/8	1/8	6/8	3	1	bVI					D	I		bVI	bVI							M	0	0	-2, 2, -1		-2	-2	0	5	0.0	0.0	0.9375	0.0
228	228	5/16	5/16	6/8	3	1	I\\					D	I		I	I						\\	M	0	0	2, 6, 3		2	2	1	23	0.041666666666666664	0.0625	4.6875	0.013157894736842105
